Vehicle,Day,Start time,End time,Downtime,Duration,Standstill,Start odometer,End odometer,Distance,Driver,Start location,End location,Fuel consumption,Average fuel consumption,+/- Reference (absolute),+/- Reference (relative)
2302  - 2302,Fri 3/4/22,43680000,44965000,675240000,1260000,660000,556,561,5.1,,"DHarris Tours, 2207 Vista Del Rio St, Vallejo 94525, US","DHarris Tours, 2207 Vista Del Rio St, Vallejo 94525, US",,0,0,0
2302  - 2302,Wed 3/9/22,62629000,62803000,449640000,180000,60000,561,561,0.1,,"DHarris Tours, 2207 Vista Del Rio St, Vallejo 94525, US","DHarris Tours, 2207 Vista Del Rio St, Vallejo 94525, US",,0,0,0
2302  - 2302,Fri 3/11/22,50550000,51457000,160560000,900000,420000,561,568,6.9,,"DHarris Tours, 2207 Vista Del Rio St, Vallejo 94525, US","Richmond Pkwy, San Pablo CA 94806, US",,0,0,0
2302  - 2302,Fri 3/11/22,52261000,57101000,780000,4860000,1800000,568,591,23,,"Blume Dr, San Pablo CA 94806, US","857 Capitol St, Vallejo CA 94590, US",,0,0,0
2302  - 2302,Fri 3/11/22,57733000,58222000,660000,480000,60000,591,593,1.3,,"859 Capitol St, Vallejo CA 94590, US","860 Butte St, Vallejo CA 94590, US",,0,0,0
2302  - 2302,Fri 3/11/22,58951000,61453000,720000,2520000,840000,593,611,18.5,,"862 Butte St, Vallejo CA 94590, US","DHarris Tours, 2207 Vista Del Rio St, Vallejo 94525, US",,0,0,0
2302  - 2302,Mon 3/14/22,26615000,27713000,220740000,1080000,180000,611,623,12.2,,"DHarris Tours, 2207 Vista Del Rio St, Vallejo 94525, US","Park Rd, Benicia CA 94510, US",,0,0,0
2302  - 2302,Mon 3/14/22,28779000,29241000,1080000,480000,120000,623,626,2.9,,"Park Rd, Benicia CA 94510, US","1931 E 2nd St, Benicia CA 94510, US",,0,0,0
2302  - 2302,Mon 3/14/22,30227000,31569000,960000,1320000,600000,626,635,9.1,,"1941 E 2nd St, Benicia CA 94510, US","DHarris Tours, 2207 Vista Del Rio St, Vallejo 94525, US",,0,0,0
2302  - 2302,Mon 3/14/22,65087000,65358000,33540000,300000,180000,635,635,0.2,,"DHarris Tours, 2207 Vista Del Rio St, Vallejo 94525, US","DHarris Tours, 2207 Vista Del Rio St, Vallejo 94525, US",,0,0,0
2302  - 2302,Tue 3/15/22,26897000,37037000,47940000,10140000,6480000,635,658,22.7,,"DHarris Tours, 2207 Vista Del Rio St, Vallejo 94525, US","Central Park Dr, Berkeley CA 94708, US",,0,0,0
2302  - 2302,Tue 3/15/22,46503000,56091000,9480000,9600000,3420000,658,720,62.1,,"Central Park Dr, Berkeley CA 94708, US","162 40th Street Way, Oakland CA 94611, US",,0,0,0
2302  - 2302,Tue 3/15/22,58703000,59764000,2640000,1080000,600000,720,722,1.7,,"162 40th Street Way, Oakland CA 94611, US","770 Magnolia Ave, Piedmont CA 94611, US",,0,0,0
2302  - 2302,Tue 3/15/22,65155000,69804000,5400000,4620000,1380000,722,766,44.1,,"770 Magnolia Ave, Piedmont CA 94611, US","DHarris Tours, 2207 Vista Del Rio St, Vallejo 94525, US",,0,0,0
2302  - 2302,Wed 3/16/22,30199000,34870000,46800000,4680000,1440000,766,801,34.7,,"DHarris Tours, 2207 Vista Del Rio St, Vallejo 94525, US","14819 Juniper St, San Leandro CA 94579, US",,0,0,0
2302  - 2302,Wed 3/16/22,36352000,38950000,1500000,2580000,240000,801,834,32.8,,"14819 Juniper St, San Leandro CA 94579, US","830 Willow Ave, Hercules CA 94547, US",,0,0,0
2302  - 2302,Wed 3/16/22,39600000,40224000,660000,600000,300000,834,837,3.1,,"830 Willow Ave, Hercules CA 94547, US","DHarris Tours, 2207 Vista Del Rio St, Vallejo 94525, US",,0,0,0
2302  - 2302,Wed 3/16/22,60183000,64783000,19980000,4620000,1320000,837,861,24.6,,"DHarris Tours, 2207 Vista Del Rio St, Vallejo 94525, US","DHarris Tours, 2207 Vista Del Rio St, Vallejo 94525, US",,0,0,0
2302  - 2302,Thu 3/17/22,46704000,49647000,68340000,2940000,420000,861,890,29.2,,"DHarris Tours, 2207 Vista Del Rio St, Vallejo 94525, US","2355 Folsom St, San Francisco CA 94110, US",,0,0,0
2302  - 2302,Thu 3/17/22,50576000,52327000,900000,1740000,840000,890,896,5.4,,"2355 Folsom St, San Francisco CA 94110, US","34 Sergeant John V Young Ln, San Francisco CA 94112, US",,0,0,0
2302  - 2302,Thu 3/17/22,67903000,73864000,15600000,5940000,2340000,896,927,31,,"46 Sergeant John V Young Ln, San Francisco CA 94112, US","DHarris Tours, 2207 Vista Del Rio St, Vallejo 94525, US",,0,0,0
2302  - 2302,Fri 3/18/22,49338000,55372000,61860000,6060000,3840000,927,943,15.9,,"DHarris Tours, 2207 Vista Del Rio St, Vallejo 94525, US","2566 Road 20, San Pablo CA 94806, US",,0,0,0
2302  - 2302,Fri 3/18/22,61773000,63469000,6420000,1680000,480000,943,950,7.4,,"2562 Road 20, San Pablo CA 94806, US","Atlas Rd, San Pablo CA 94806, US",,0,0,0
2302  - 2302,Fri 3/18/22,64524000,67731000,1080000,3180000,1980000,950,959,8.6,,"Atlas Rd, San Pablo CA 94806, US","DHarris Tours, 2207 Vista Del Rio St, Vallejo 94525, US",,0,0,0
2302  - 2302,Tue 3/22/22,56333000,59930000,334200000,3600000,1140000,959,973,14.4,,"DHarris Tours, 2207 Vista Del Rio St, Vallejo 94525, US","DHarris Tours, 2207 Vista Del Rio St, Vallejo 94525, US",,0,0,0
2302  - 2302,Wed 3/23/22,49842000,58835000,76320000,9000000,4920000,973,1004,30.9,,"DHarris Tours, 2207 Vista Del Rio St, Vallejo 94525, US","1575 Mann Dr, Pinole CA 94564, US",,0,0,0
2302  - 2302,Wed 3/23/22,61227000,63102000,2400000,1860000,1020000,1004,1010,6.2,,"1575 Mann Dr, Pinole CA 94564, US","1224 23rd St, Richmond CA 94804, US",,0,0,0
2302  - 2302,Wed 3/23/22,64142000,66869000,1020000,2700000,900000,1010,1024,13.7,,"1224 23rd St, Richmond CA 94804, US","DHarris Tours, 2207 Vista Del Rio St, Vallejo 94525, US",,0,0,0
2302  - 2302,Tue 3/29/22,48664000,55028000,500220000,6360000,2400000,1024,1073,48.8,,"DHarris Tours, 2207 Vista Del Rio St, Vallejo 94525, US","2517 Bancroft Way, Berkeley CA 94720, US",,0,0,0
2302  - 2302,Tue 3/29/22,62929000,63995000,7920000,1080000,660000,1073,1074,1.4,,"2515 Bancroft Way, Berkeley CA 94720, US","2655 Milvia St, Berkeley CA 94704, US",,0,0,0
2302  - 2302,Tue 3/29/22,65004000,69915000,1020000,4920000,1260000,1074,1122,47.8,,"2657 Milvia St, Berkeley CA 94704, US","DHarris Tours, 2207 Vista Del Rio St, Vallejo 94525, US",,0,0,0
2302  - 2302,Wed 3/30/22,48291000,50035000,64800000,1740000,1080000,1122,1130,8.1,,"DHarris Tours, 2207 Vista Del Rio St, Vallejo 94525, US","Christine Dr, San Pablo CA 94806, US",,0,0,0
2302  - 2302,Wed 3/30/22,50856000,52836000,840000,1980000,960000,1130,1140,9.7,,"Christine Dr, San Pablo CA 94806, US","DHarris Tours, 2207 Vista Del Rio St, Vallejo 94525, US",,0,0,0
2302  - 2302,Thu 3/31/22,47918000,50428000,81480000,2520000,420000,1140,1162,22.3,,"DHarris Tours, 2207 Vista Del Rio St, Vallejo 94525, US","336 45th St, Oakland CA 94609, US",,0,0,0
2302  - 2302,Thu 3/31/22,51460000,57699000,1020000,6240000,2040000,1162,1190,27.4,,"339 45th St, Oakland CA 94609, US","11360 San Pablo Ave, El Cerrito CA 94530, US",,0,0,0
2302  - 2302,Thu 3/31/22,60409000,61068000,2700000,660000,60000,1190,1192,2.2,,"11360 San Pablo Ave, El Cerrito CA 94530, US","600 Ashbury Ave, El Cerrito CA 94530, US",,0,0,0
2302  - 2302,Thu 3/31/22,68157000,72359000,7080000,4200000,480000,1192,1237,45.3,,"600 Ashbury Ave, El Cerrito CA 94530, US","DHarris Tours, 2207 Vista Del Rio St, Vallejo 94525, US",,0,0,0
2503  - 2503,Tue 3/1/22,55828000,59984000,100800000,4140000,2340000,262,274,11.6,,"DHarris Tours, 2207 Vista Del Rio St, Vallejo 94525, US","DHarris Tours, 2207 Vista Del Rio St, Vallejo 94525, US",,0,0,0
2503  - 2503,Wed 3/2/22,47593000,52900000,73980000,5280000,3300000,274,289,15,,"DHarris Tours, 2207 Vista Del Rio St, Vallejo 94525, US","263 Harry Elis Pl, Richmond CA 94804, US",,0,0,0
2503  - 2503,Wed 3/2/22,55180000,57966000,2280000,2760000,2160000,289,292,2.8,,"190 Harry Elis Pl, Richmond CA 94805, US","2570 Road 20, San Pablo CA 94806, US",,0,0,0
2503  - 2503,Wed 3/2/22,62445000,65561000,4500000,3120000,780000,292,307,15,,"Abella Cir, San Pablo CA 94806, US","DHarris Tours, 2207 Vista Del Rio St, Vallejo 94525, US",,0,0,0
2503  - 2503,Fri 3/4/22,49022000,50822000,156240000,1800000,720000,307,318,10.9,,"DHarris Tours, 2207 Vista Del Rio St, Vallejo 94525, US","Wildcat Creek Regional Trl, Richmond CA 94801, US",,0,0,0
2503  - 2503,Fri 3/4/22,54116000,56168000,3300000,2040000,1500000,318,320,2,,"Wildcat Creek Regional Trl, Richmond CA 94801, US","2524 Road 20, San Pablo CA 94806, US",,0,0,0
2503  - 2503,Fri 3/4/22,63040000,65790000,6900000,2760000,780000,320,334,14.5,,"2525 Road 20, San Pablo CA 94806, US","DHarris Tours, 2207 Vista Del Rio St, Vallejo 94525, US",,0,0,0
2503  - 2503,Wed 3/9/22,48998000,55685000,415200000,6660000,3060000,334,362,27.4,,"DHarris Tours, 2207 Vista Del Rio St, Vallejo 94525, US","1571 Mann Dr, Pinole CA 94564, US",,0,0,0
2503  - 2503,Wed 3/9/22,63025000,66134000,7320000,3120000,780000,362,379,17,,"1597 Mann Dr, Pinole CA 94564, US","DHarris Tours, 2207 Vista Del Rio St, Vallejo 94525, US",,0,0,0
2503  - 2503,Thu 3/10/22,34030000,36691000,54300000,2640000,1500000,379,391,12,,"DHarris Tours, 2207 Vista Del Rio St, Vallejo 94525, US","95 S Napa Junction Rd, American Canyon CA 94503, US",,0,0,0
2503  - 2503,Thu 3/10/22,37626000,37859000,960000,240000,120000,391,391,0.2,,"140 S Napa Junction Rd, American Canyon CA 94503, US","508 S Napa Junction Rd, American Canyon CA 94503, US",,0,0,0
2503  - 2503,Thu 3/10/22,40736000,43905000,2880000,3180000,960000,391,399,8.3,,"S Napa Junction Rd, American Canyon CA 94503, US","516 S Napa Junction Rd, American Canyon CA 94503, US",,0,0,0
2503  - 2503,Thu 3/10/22,45116000,46451000,1200000,1320000,240000,399,412,13,,"192 S Napa Junction Rd, American Canyon CA 94503, US","DHarris Tours, 2207 Vista Del Rio St, Vallejo 94525, US",,0,0,0
2503  - 2503,Fri 3/11/22,47160000,54309000,87120000,7140000,1080000,412,476,64.2,,"DHarris Tours, 2207 Vista Del Rio St, Vallejo 94525, US","DHarris Tours, 2207 Vista Del Rio St, Vallejo 94525, US",,0,0,0
2503  - 2503,Mon 3/14/22,33842000,34949000,235140000,1080000,420000,476,484,7.3,,"DHarris Tours, 2207 Vista Del Rio St, Vallejo 94525, US","77 Spring St, Pinole CA 94564, US",,0,0,0
2503  - 2503,Mon 3/14/22,47305000,47305000,12360000,0,,484,485,1.6,,odometer corrected,odometer corrected,,0,0,0
2503  - 2503,Mon 3/14/22,47305000,47907000,0,600000,60000,485,492,6.3,,"Appian Way, Pinole CA 94564, US","DHarris Tours, 2207 Vista Del Rio St, Vallejo 94525, US",,0,0,0
2503  - 2503,Tue 3/15/22,79080000,82366000,117600000,3300000,3180000,492,492,0.2,,"DHarris Tours, 2207 Vista Del Rio St, Vallejo 94525, US","DHarris Tours, 2207 Vista Del Rio St, Vallejo 94525, US",,0,0,0
2503  - 2503,Wed 3/16/22,41777000,45322000,45840000,3540000,2700000,492,500,8.4,,"DHarris Tours, 2207 Vista Del Rio St, Vallejo 94525, US","Christine Dr, San Pablo CA 94806, US",,0,0,0
2503  - 2503,Wed 3/16/22,48947000,54681000,3600000,5760000,3360000,500,514,14,,"Christine Dr, San Pablo CA 94806, US","2574 Road 20, San Pablo CA 94806, US",,0,0,0
2503  - 2503,Wed 3/16/22,62049000,62049000,7380000,0,,514,515,0.9,,odometer corrected,odometer corrected,,0,0,0
2503  - 2503,Wed 3/16/22,62049000,64560000,0,2520000,960000,515,527,12,,"23rd St, San Pablo CA 94806, US","DHarris Tours, 2207 Vista Del Rio St, Vallejo 94525, US",,0,0,0
2503  - 2503,Thu 3/17/22,46102000,50508000,67920000,4380000,2160000,527,559,32.2,,"DHarris Tours, 2207 Vista Del Rio St, Vallejo 94525, US","2150 Bancroft Ave, San Leandro CA 94577, US",,0,0,0
2503  - 2503,Thu 3/17/22,51482000,57906000,960000,6420000,2280000,559,595,35.7,,"2105 Bancroft Ave, San Leandro CA 94577, US","DHarris Tours, 2207 Vista Del Rio St, Vallejo 94525, US",,0,0,0
2503  - 2503,Fri 3/18/22,47792000,56445000,76260000,8640000,4620000,595,622,27.2,,"DHarris Tours, 2207 Vista Del Rio St, Vallejo 94525, US","2574 Road 20, San Pablo CA 94806, US",,0,0,0
2503  - 2503,Fri 3/18/22,62202000,67322000,5760000,5100000,1260000,622,645,22.6,,"Road 20, San Pablo CA 94806, US","DHarris Tours, 2207 Vista Del Rio St, Vallejo 94525, US",,0,0,0
2503  - 2503,Tue 3/22/22,42076000,45297000,320340000,3240000,420000,645,681,36.1,,"DHarris Tours, 2207 Vista Del Rio St, Vallejo 94525, US","159 Utah Ave, South San Francisco CA 94080, US",,0,0,0
2503  - 2503,Tue 3/22/22,46033000,51354000,720000,5340000,2460000,681,713,32.1,,"157 Utah Ave, South San Francisco CA 94080, US","Bancroft Ave, San Leandro CA 94577, US",,0,0,0
2503  - 2503,Tue 3/22/22,52271000,54406000,900000,2160000,420000,713,723,10.1,,"Bancroft Ave, San Leandro CA 94577, US","2276 Central Ave, Alameda CA 94501, US",,0,0,0
2503  - 2503,Tue 3/22/22,68708000,74006000,14280000,5280000,780000,723,769,46.2,,"1559 Park St, Alameda CA 94501, US","DHarris Tours, 2207 Vista Del Rio St, Vallejo 94525, US",,0,0,0
2503  - 2503,Wed 3/23/22,60067000,61019000,72480000,960000,180000,769,779,9.4,,"DHarris Tours, 2207 Vista Del Rio St, Vallejo 94525, US","2568 Road 20, San Pablo CA 94806, US",,0,0,0
2503  - 2503,Wed 3/23/22,62091000,64726000,1080000,2640000,780000,779,792,13.7,,"Road 20, San Pablo CA 94806, US","DHarris Tours, 2207 Vista Del Rio St, Vallejo 94525, US",,0,0,0
2503  - 2503,Thu 3/24/22,60943000,63486000,82620000,2520000,240000,792,818,25.2,,"DHarris Tours, 2207 Vista Del Rio St, Vallejo 94525, US","3rd St, Alameda CA 94501, US",,0,0,0
2503  - 2503,Thu 3/24/22,65074000,65074000,1560000,0,,818,819,1.2,,odometer corrected,odometer corrected,,0,0,0
2503  - 2503,Thu 3/24/22,65074000,67917000,0,2820000,240000,819,845,25.8,,"Atlantic Ave, Alameda CA 94501, US","DHarris Tours, 2207 Vista Del Rio St, Vallejo 94525, US",,0,0,0
2503  - 2503,Fri 3/25/22,41730000,41730000,60240000,0,,845,852,7.1,,odometer corrected,odometer corrected,,0,0,0
2503  - 2503,Fri 3/25/22,41730000,44201000,0,2460000,360000,852,869,17.4,,"Interstate Highway 80 W, San Pablo CA 94806, US","1251 McKay Ave, Alameda CA 94501, US",,0,0,0
2503  - 2503,Fri 3/25/22,47024000,52535000,2820000,5520000,660000,869,914,44.5,,"1249 McKay Ave, Alameda CA 94501, US","DHarris Tours, 2207 Vista Del Rio St, Vallejo 94525, US",,0,0,0
2503  - 2503,Sat 3/26/22,35055000,35790000,68940000,720000,60000,914,921,7.4,,"DHarris Tours, 2207 Vista Del Rio St, Vallejo 94525, US","Spring St, Pinole CA 94564, US",,0,0,0
2503  - 2503,Sun 3/27/22,44334000,44376000,94920000,60000,0,921,921,0.2,,"710 San Pablo Ave, Pinole CA 94564, US","83 Spring St, Pinole CA 94564, US",,0,0,0
2503  - 2503,Mon 3/28/22,45211000,46519000,87240000,1320000,540000,921,929,7.9,,"75 Spring St, Pinole CA 94564, US","DHarris Tours, 2207 Vista Del Rio St, Vallejo 94525, US",,0,0,0
2503  - 2503,Mon 3/28/22,64038000,64743000,17520000,720000,720000,929,929,0.1,,"DHarris Tours, 2207 Vista Del Rio St, Vallejo 94525, US","DHarris Tours, 2207 Vista Del Rio St, Vallejo 94525, US",,0,0,0
2503  - 2503,Thu 3/31/22,46766000,52761000,241200000,6000000,3600000,929,958,29.2,,"DHarris Tours, 2207 Vista Del Rio St, Vallejo 94525, US","5601 Balmoral Dr, Oakland CA 94619, US",,0,0,0
2503  - 2503,Thu 3/31/22,57688000,61628000,4920000,3960000,540000,958,985,26.8,,"5614 Balmoral Dr, Oakland CA 94619, US","DHarris Tours, 2207 Vista Del Rio St, Vallejo 94525, US",,0,0,0
2802  - 2802,Tue 3/1/22,51433000,56773000,93180000,5340000,2880000,2245,2267,21.9,,"DHarris Tours, 2207 Vista Del Rio St, Vallejo 94525, US","Graymont Cir, Concord CA 94518, US",,0,0,0
2802  - 2802,Tue 3/1/22,57798000,58458000,1020000,660000,540000,2267,2267,0.4,,"Graymont Cir, Concord CA 94518, US","2972 Treat Blvd, Concord CA 94518, US",,0,0,0
2802  - 2802,Tue 3/1/22,60018000,60530000,1560000,540000,300000,2267,2268,0.4,,"2972 Treat Blvd, Concord CA 94518, US","Graymont Cir, Concord CA 94518, US",,0,0,0
2802  - 2802,Tue 3/1/22,65640000,69563000,5100000,3900000,1860000,2268,2290,22.3,,"Graymont Cir, Concord CA 94518, US","DHarris Tours, 2207 Vista Del Rio St, Vallejo 94525, US",,0,0,0
2802  - 2802,Wed 3/2/22,51243000,52894000,68100000,1680000,960000,2290,2295,5.6,,"DHarris Tours, 2207 Vista Del Rio St, Vallejo 94525, US","Refugio Valley Rd, Hercules CA 94547, US",,0,0,0
2802  - 2802,Wed 3/2/22,53624000,55622000,720000,1980000,1020000,2295,2300,5,,"Refugio Valley Rd, Hercules CA 94547, US","Pinole Vista Ctr, Pinole CA 94564, US",,0,0,0
2802  - 2802,Wed 3/2/22,59636000,60262000,4020000,600000,240000,2300,2301,1.1,,"Pinole Vista Ctr, Pinole CA 94564, US","Mann Dr, Pinole CA 94564, US",,0,0,0
2802  - 2802,Wed 3/2/22,62155000,65187000,1920000,3060000,1260000,2301,2312,10.7,,"Mann Dr, Pinole CA 94564, US","DHarris Tours, 2207 Vista Del Rio St, Vallejo 94525, US",,0,0,0
2802  - 2802,Thu 3/3/22,46312000,60877000,67500000,14580000,6540000,2312,2377,64.5,,"DHarris Tours, 2207 Vista Del Rio St, Vallejo 94525, US","DHarris Tours, 2207 Vista Del Rio St, Vallejo 94525, US",,0,0,0
2802  - 2802,Fri 3/4/22,49725000,54866000,75240000,5160000,3540000,2377,2388,11.6,,"DHarris Tours, 2207 Vista Del Rio St, Vallejo 94525, US","2568 Road 20, San Pablo CA 94806, US",,0,0,0
2802  - 2802,Fri 3/4/22,62842000,66592000,7980000,3780000,1860000,2388,2400,12,,"2568 Road 20, San Pablo CA 94806, US","DHarris Tours, 2207 Vista Del Rio St, Vallejo 94525, US",,0,0,0
2802  - 2802,Sat 3/5/22,36804000,51038000,56640000,14220000,4560000,2400,2517,116.9,,"DHarris Tours, 2207 Vista Del Rio St, Vallejo 94525, US","Cleveland Ave, Santa Rosa CA 95401, US",,0,0,0
2802  - 2802,Sat 3/5/22,61352000,62733000,10320000,1380000,360000,2517,2529,12,,"Cleveland Ave, Santa Rosa CA 95401, US","6941 Covey Rd, Forestville CA 95436, US",,0,0,0
2802  - 2802,Sat 3/5/22,63667000,63809000,960000,120000,60000,2529,2529,0.1,,"6943 Covey Rd, Forestville CA 95436, US","7015 Covey Rd, Forestville CA 95436, US",,0,0,0
2802  - 2802,Sat 3/5/22,67511000,78600000,3720000,11100000,2340000,2529,2642,113,,"Covey Rd, Forestville CA 95436, US","DHarris Tours, 2207 Vista Del Rio St, Vallejo 94525, US",,0,0,0
2802  - 2802,Tue 3/8/22,56376000,59981000,237000000,3600000,1680000,2642,2654,11.4,,"DHarris Tours, 2207 Vista Del Rio St, Vallejo 94525, US","DHarris Tours, 2207 Vista Del Rio St, Vallejo 94525, US",,0,0,0
2802  - 2802,Wed 3/9/22,49264000,56243000,75660000,6960000,3780000,2654,2680,25.8,,"DHarris Tours, 2207 Vista Del Rio St, Vallejo 94525, US","1575 Mann Dr, Pinole CA 94564, US",,0,0,0
2802  - 2802,Wed 3/9/22,62728000,64547000,6480000,1800000,540000,2680,2688,8.7,,"1575 Mann Dr, Pinole CA 94564, US","4705 Berk Ave, Richmond CA 94804, US",,0,0,0
2802  - 2802,Wed 3/9/22,65559000,67888000,1020000,2340000,420000,2688,2706,17.7,,"4705 Berk Ave, Richmond CA 94804, US","401 Parker Ave, Rodeo CA 94572, US",,0,0,0
2802  - 2802,Wed 3/9/22,68788000,69558000,900000,780000,480000,2706,2708,2.5,,"401 Parker Ave, Rodeo CA 94572, US","DHarris Tours, 2207 Vista Del Rio St, Vallejo 94525, US",,0,0,0
2802  - 2802,Thu 3/10/22,27446000,30910000,44280000,3480000,1800000,2708,2732,23.1,,"DHarris Tours, 2207 Vista Del Rio St, Vallejo 94525, US","3036 Travis Blvd, Fairfield CA 94534, US",,0,0,0
2802  - 2802,Thu 3/10/22,35066000,40543000,4140000,5460000,1560000,2732,2770,38.3,,"3038 Travis Blvd, Fairfield CA 94534, US","DHarris Tours, 2207 Vista Del Rio St, Vallejo 94525, US",,0,0,0
2802  - 2802,Thu 3/10/22,50804000,56613000,10260000,5820000,1800000,2770,2804,34.3,,"DHarris Tours, 2207 Vista Del Rio St, Vallejo 94525, US","2152 24th Ave, San Francisco CA 94116, US",,0,0,0
2802  - 2802,Thu 3/10/22,62630000,72492000,6000000,9840000,3600000,2804,2838,34,,"2154 24th Ave, San Francisco CA 94116, US","DHarris Tours, 2207 Vista Del Rio St, Vallejo 94525, US",,0,0,0
2802  - 2802,Fri 3/11/22,46478000,60369000,60360000,13920000,5340000,2838,2915,76.7,,"DHarris Tours, 2207 Vista Del Rio St, Vallejo 94525, US","1573 Mann Dr, Pinole CA 94564, US",,0,0,0
2802  - 2802,Fri 3/11/22,61573000,64065000,1200000,2520000,720000,2915,2926,11.1,,"1573 Mann Dr, Pinole CA 94564, US","3490 Richmond Pkwy, San Pablo CA 94806, US",,0,0,0
2802  - 2802,Fri 3/11/22,65129000,67147000,1080000,2040000,1020000,2926,2933,7.5,,"3490 Richmond Pkwy, San Pablo CA 94806, US","DHarris Tours, 2207 Vista Del Rio St, Vallejo 94525, US",,0,0,0
2802  - 2802,Wed 3/16/22,44519000,48264000,405780000,3720000,960000,2933,2969,35.3,,"DHarris Tours, 2207 Vista Del Rio St, Vallejo 94525, US","1107 Eucalyptus Dr, San Francisco CA 94132, US",,0,0,0
2802  - 2802,Wed 3/16/22,50364000,53623000,2100000,3240000,720000,2969,2992,23.2,,"1095 Eucalyptus Dr, San Francisco CA 94132, US","354 Nova Albion Way, San Rafael CA 94903, US",,0,0,0
2802  - 2802,Wed 3/16/22,64800000,72541000,11160000,7740000,2220000,2992,3050,58,,"354 Nova Albion Way, San Rafael CA 94903, US","DHarris Tours, 2207 Vista Del Rio St, Vallejo 94525, US",,0,0,0
2802  - 2802,Thu 3/17/22,30698000,32084000,44580000,1380000,840000,3050,3055,5.4,,"DHarris Tours, 2207 Vista Del Rio St, Vallejo 94525, US","2892 Pinole Valley Rd, Pinole CA 94564, US",,0,0,0
2802  - 2802,Thu 3/17/22,34133000,39624000,2040000,5520000,3720000,3055,3070,15.3,,"2892 Pinole Valley Rd, Pinole CA 94564, US","75 Main St, San Quentin CA 94964, US",,0,0,0
2802  - 2802,Thu 3/17/22,49757000,53735000,10140000,3960000,1620000,3070,3096,25.8,,"75 Main St, San Quentin CA 94964, US","3961 Bissell Ave, Richmond CA 94805, US",,0,0,0
2802  - 2802,Thu 3/17/22,55019000,60078000,1260000,5040000,1740000,3096,3120,24,,"3965 Bissell Ave, Richmond CA 94805, US","DHarris Tours, 2207 Vista Del Rio St, Vallejo 94525, US",,0,0,0
2802  - 2802,Fri 3/18/22,43184000,44784000,69480000,1620000,900000,3120,3126,6.2,,"DHarris Tours, 2207 Vista Del Rio St, Vallejo 94525, US","DHarris Tours, 2207 Vista Del Rio St, Vallejo 94525, US",,0,0,0
2802  - 2802,Fri 3/18/22,48688000,54136000,3900000,5460000,1080000,3126,3176,49.2,,"DHarris Tours, 2207 Vista Del Rio St, Vallejo 94525, US","1383 3rd St, Alameda CA 94501, US",,0,0,0
2802  - 2802,Fri 3/18/22,54957000,55497000,840000,540000,180000,3176,3177,1.8,,"1389 3rd St, Alameda CA 94501, US","Willie Stargell Ave, Alameda CA 94501, US",,0,0,0
2802  - 2802,Fri 3/18/22,61531000,62113000,6060000,600000,120000,3177,3179,1.7,,"Willie Stargell Ave, Alameda CA 94501, US","3rd St, Alameda CA 94501, US",,0,0,0
2802  - 2802,Fri 3/18/22,65340000,71132000,3240000,5820000,1500000,3179,3226,46.8,,"1397 3rd St, Alameda CA 94501, US","DHarris Tours, 2207 Vista Del Rio St, Vallejo 94525, US",,0,0,0
2802  - 2802,Sat 3/19/22,25258000,36327000,40500000,11040000,4140000,3226,3327,101.3,,"DHarris Tours, 2207 Vista Del Rio St, Vallejo 94525, US","Cabrillo College Dr, Aptos CA 95003, US",,0,0,0
2802  - 2802,Sat 3/19/22,36942000,38907000,600000,1980000,1740000,3327,3328,0.6,,"Cabrillo College Dr, Aptos CA 95003, US","6818 Soquel Dr, Aptos CA 95003, US",,0,0,0
2802  - 2802,Sat 3/19/22,40121000,40391000,1200000,300000,60000,3328,3329,0.6,,"6818 Soquel Dr, Aptos CA 95003, US","Cabrillo College Dr, Aptos CA 95003, US",,0,0,0
2802  - 2802,Sat 3/19/22,49945000,51959000,9540000,2040000,1740000,3329,3329,0.6,,"Cabrillo College Dr, Aptos CA 95003, US","Cabrillo College Dr, Aptos CA 95003, US",,0,0,0
2802  - 2802,Sat 3/19/22,57505000,58866000,5520000,1380000,1260000,3329,3330,0.3,,"Cabrillo College Dr, Aptos CA 95003, US","Cabrillo College Dr, Aptos CA 95003, US",,0,0,0
2802  - 2802,Sat 3/19/22,59898000,60470000,1020000,600000,480000,3330,3330,0.2,,"Cabrillo College Dr, Aptos CA 95003, US","Cabrillo College Dr, Aptos CA 95003, US",,0,0,0
2802  - 2802,Sat 3/19/22,61200000,71324000,720000,10140000,2280000,3330,3430,100.2,,"Cabrillo College Dr, Aptos CA 95003, US","DHarris Tours, 2207 Vista Del Rio St, Vallejo 94525, US",,0,0,0
2802  - 2802,Sun 3/20/22,42375000,42452000,57480000,60000,0,3430,3430,0,,"DHarris Tours, 2207 Vista Del Rio St, Vallejo 94525, US","DHarris Tours, 2207 Vista Del Rio St, Vallejo 94525, US",,0,0,0
2802  - 2802,Mon 3/21/22,45984000,53682000,89940000,7680000,3300000,3430,3487,57.4,,"DHarris Tours, 2207 Vista Del Rio St, Vallejo 94525, US","Farwell Dr, Fremont CA 94538, US",,0,0,0
2802  - 2802,Mon 3/21/22,62657000,62916000,9000000,240000,180000,3487,3487,0.1,,"Farwell Dr, Fremont CA 94538, US","Farwell Dr, Fremont CA 94538, US",,0,0,0
2802  - 2802,Mon 3/21/22,63930000,68808000,1020000,4860000,900000,3487,3546,58.1,,"Farwell Dr, Fremont CA 94538, US","DHarris Tours, 2207 Vista Del Rio St, Vallejo 94525, US",,0,0,0
2802  - 2802,Tue 3/22/22,51023000,57191000,68640000,6180000,2700000,3546,3579,33.5,,"DHarris Tours, 2207 Vista Del Rio St, Vallejo 94525, US","153 O'Shaughnessy Blvd, San Francisco CA 94127, US",,0,0,0
2802  - 2802,Tue 3/22/22,65259000,70768000,8040000,5520000,1860000,3579,3613,34,,"151 O'Shaughnessy Blvd, San Francisco CA 94127, US","DHarris Tours, 2207 Vista Del Rio St, Vallejo 94525, US",,0,0,0
2802  - 2802,Wed 3/23/22,48344000,57171000,63960000,8820000,1440000,3613,3690,77.1,,"DHarris Tours, 2207 Vista Del Rio St, Vallejo 94525, US","1310 Oakland Ave, Piedmont CA 94611, US",,0,0,0
2802  - 2802,Wed 3/23/22,62825000,63085000,5640000,240000,60000,3690,3690,0.3,,"1308 Oakland Ave, Piedmont CA 94611, US","512 Magnolia Ave, Piedmont CA 94611, US",,0,0,0
2802  - 2802,Wed 3/23/22,64079000,70237000,1020000,6180000,1140000,3690,3735,44.4,,"512 Magnolia Ave, Piedmont CA 94611, US","DHarris Tours, 2207 Vista Del Rio St, Vallejo 94525, US",,0,0,0
2802  - 2802,Thu 3/24/22,27141000,30697000,43320000,3540000,1980000,3735,3747,12,,"DHarris Tours, 2207 Vista Del Rio St, Vallejo 94525, US","1221 18th St, San Pablo CA 94806, US",,0,0,0
2802  - 2802,Thu 3/24/22,32607000,33735000,1920000,1140000,480000,3747,3750,2.6,,"1221 18th St, San Pablo CA 94806, US","Wildcat Canyon Pkwy, Richmond CA 94805, US",,0,0,0
2802  - 2802,Thu 3/24/22,47920000,59167000,14160000,11220000,3060000,3750,3816,66.6,,"Wildcat Canyon Pkwy, Richmond CA 94805, US","828 Willow Ave, Hercules CA 94547, US",,0,0,0
2802  - 2802,Thu 3/24/22,60054000,60272000,900000,240000,180000,3816,3816,0.1,,"828 Willow Ave, Hercules CA 94547, US","860 Willow Ave, Hercules CA 94547, US",,0,0,0
2802  - 2802,Thu 3/24/22,61266000,62333000,1020000,1080000,600000,3816,3820,3.3,,"860 Willow Ave, Hercules CA 94547, US","DHarris Tours, 2207 Vista Del Rio St, Vallejo 94525, US",,0,0,0
2802  - 2802,Fri 3/25/22,26528000,30907000,50580000,4380000,3540000,3820,3828,8.2,,"DHarris Tours, 2207 Vista Del Rio St, Vallejo 94525, US","Christine Dr, San Pablo CA 94806, US",,0,0,0
2802  - 2802,Fri 3/25/22,32411000,34399000,1500000,1980000,1140000,3828,3833,5.5,,"Christine Dr, San Pablo CA 94806, US","Wildcat Canyon Pkwy, Richmond CA 94805, US",,0,0,0
2802  - 2802,Fri 3/25/22,37040000,37760000,2640000,720000,240000,3833,3835,2.1,,"Wildcat Canyon Pkwy, Richmond CA 94805, US","4292 MacDonald Ave, Richmond CA 94805, US",,0,0,0
2802  - 2802,Fri 3/25/22,38869000,39550000,1080000,660000,180000,3835,3838,2.4,,"4294 MacDonald Ave, Richmond CA 94805, US","Wildcat Canyon Pkwy, Richmond CA 94805, US",,0,0,0
2802  - 2802,Fri 3/25/22,47829000,50866000,8280000,3060000,1560000,3838,3850,12,,"Wildcat Canyon Pkwy, Richmond CA 94805, US","Refugio Valley Rd, Hercules CA 94547, US",,0,0,0
2802  - 2802,Fri 3/25/22,53092000,56602000,2220000,3540000,960000,3850,3867,17.3,,"Refugio Valley Rd, Hercules CA 94547, US","1575 Mann Dr, Pinole CA 94564, US",,0,0,0
2802  - 2802,Fri 3/25/22,61758000,64812000,5160000,3060000,840000,3867,3885,17.5,,"1575 Mann Dr, Pinole CA 94564, US","DHarris Tours, 2207 Vista Del Rio St, Vallejo 94525, US",,0,0,0
2802  - 2802,Mon 3/28/22,35199000,35314000,229560000,120000,60000,3885,3885,0,,"DHarris Tours, 2207 Vista Del Rio St, Vallejo 94525, US","DHarris Tours, 2207 Vista Del Rio St, Vallejo 94525, US",,0,0,0
2802  - 2802,Mon 3/28/22,50045000,55836000,14760000,5820000,4020000,3885,3898,13.7,,"DHarris Tours, 2207 Vista Del Rio St, Vallejo 94525, US","2570 Road 20, San Pablo CA 94806, US",,0,0,0
2802  - 2802,Mon 3/28/22,61299000,64829000,5460000,3540000,1380000,3898,3916,17.5,,"2568 Road 20, San Pablo CA 94806, US","DHarris Tours, 2207 Vista Del Rio St, Vallejo 94525, US",,0,0,0
2802  - 2802,Tue 3/29/22,2512000,2982000,24060000,480000,420000,3916,3916,0,,"DHarris Tours, 2207 Vista Del Rio St, Vallejo 94525, US","DHarris Tours, 2207 Vista Del Rio St, Vallejo 94525, US",,0,0,0
2802  - 2802,Tue 3/29/22,10525000,10596000,7560000,60000,60000,3916,3916,0.1,,"DHarris Tours, 2207 Vista Del Rio St, Vallejo 94525, US","DHarris Tours, 2207 Vista Del Rio St, Vallejo 94525, US",,0,0,0
2802  - 2802,Tue 3/29/22,47382000,51631000,36780000,4260000,2280000,3916,3943,26.8,,"DHarris Tours, 2207 Vista Del Rio St, Vallejo 94525, US","4517 Ygnacio Ave, Oakland CA 94601, US",,0,0,0
2802  - 2802,Tue 3/29/22,52703000,56780000,1080000,4080000,3720000,3943,3944,1.1,,"4517 Ygnacio Ave, Oakland CA 94601, US","2563 High St, Oakland CA 94601, US",,0,0,0
2802  - 2802,Tue 3/29/22,64390000,67897000,7620000,3480000,840000,3944,3970,26.2,,"2565 High St, Oakland CA 94601, US","DHarris Tours, 2207 Vista Del Rio St, Vallejo 94525, US",,0,0,0
2802  - 2802,Wed 3/30/22,27503000,29169000,46020000,1680000,780000,3970,3978,7.8,,"DHarris Tours, 2207 Vista Del Rio St, Vallejo 94525, US","4926 Valley View Rd, El Sobrante CA 94803, US",,0,0,0
2802  - 2802,Wed 3/30/22,30085000,33166000,900000,3060000,1320000,3978,3995,17.4,,"4926 Valley View Rd, El Sobrante CA 94803, US","4 San Quentin Ter, San Quentin CA 94964, US",,0,0,0
2802  - 2802,Wed 3/30/22,48004000,55306000,14820000,7320000,2580000,3995,4039,43.9,,"75 Main St, San Quentin CA 94964, US","Fitzgerald Dr, Pinole CA 94564, US",,0,0,0
2802  - 2802,Wed 3/30/22,56247000,56535000,960000,300000,60000,4039,4040,1,,"Fitzgerald Dr, Pinole CA 94564, US","1575 Mann Dr, Pinole CA 94564, US",,0,0,0
2802  - 2802,Wed 3/30/22,61158000,65056000,4620000,3900000,1620000,4040,4058,17.5,,"1575 Mann Dr, Pinole CA 94564, US","DHarris Tours, 2207 Vista Del Rio St, Vallejo 94525, US",,0,0,0
2802  - 2802,Thu 3/31/22,47923000,55787000,69240000,7860000,4620000,4058,4092,33.9,,"DHarris Tours, 2207 Vista Del Rio St, Vallejo 94525, US","1233 Pomona St, Crockett CA 94525, US",,0,0,0
2802  - 2802,Thu 3/31/22,56685000,62070000,900000,5400000,2340000,4092,4116,24.2,,"1241 Pomona St, Crockett CA 94525, US","1309 Portland Ave, Albany CA 94706, US",,0,0,0
2802  - 2802,Thu 3/31/22,65896000,68626000,3840000,2760000,1020000,4116,4133,17.6,,"1309 Portland Ave, Albany CA 94706, US","DHarris Tours, 2207 Vista Del Rio St, Vallejo 94525, US",,0,0,0
2802  - 2802,Thu 3/31/22,77976000,78436000,9360000,480000,480000,4133,4133,0,,"DHarris Tours, 2207 Vista Del Rio St, Vallejo 94525, US","DHarris Tours, 2207 Vista Del Rio St, Vallejo 94525, US",,0,0,0
3501  - 3501,Tue 3/1/22,28284000,33485000,65160000,5220000,4020000,884,896,12.2,,"DHarris Tours, 2207 Vista Del Rio St, Vallejo 94525, US","354 W Channel Rd, Benicia CA 94510, US",,0,0,0
3501  - 3501,Thu 3/3/22,40014000,41388000,179340000,1380000,300000,896,908,12.7,,"356 W Channel Rd, Benicia CA 94510, US","DHarris Tours, 2207 Vista Del Rio St, Vallejo 94525, US",,0,0,0
3501  - 3501,Fri 3/4/22,48858000,50357000,93900000,1500000,1140000,908,910,1.9,,"DHarris Tours, 2207 Vista Del Rio St, Vallejo 94525, US","1090 Pomona St, Crockett CA 94525, US",,0,0,0
3501  - 3501,Fri 3/4/22,51259000,53182000,900000,1920000,1080000,910,917,6.5,,"1084 Pomona St, Crockett CA 94525, US","Falcon Way, Hercules CA 94547, US",,0,0,0
3501  - 3501,Fri 3/4/22,62620000,65144000,9420000,2520000,1200000,917,926,9.5,,"Falcon Way, Hercules CA 94547, US","DHarris Tours, 2207 Vista Del Rio St, Vallejo 94525, US",,0,0,0
3501  - 3501,Mon 3/7/22,47897000,48887000,241980000,1020000,540000,926,928,1.9,,"DHarris Tours, 2207 Vista Del Rio St, Vallejo 94525, US","1088 Pomona St, Crockett CA 94525, US",,0,0,0
3501  - 3501,Mon 3/7/22,51475000,52331000,2580000,840000,480000,928,931,2.4,,"1098 Pomona St, Crockett CA 94525, US","DHarris Tours, 2207 Vista Del Rio St, Vallejo 94525, US",,0,0,0
3501  - 3501,Tue 3/8/22,23410000,26682000,57480000,3300000,720000,931,953,22.4,,"DHarris Tours, 2207 Vista Del Rio St, Vallejo 94525, US","1105 MacArthur Blvd, Oakland CA 94610, US",,0,0,0
3501  - 3501,Tue 3/8/22,27408000,28366000,720000,960000,540000,953,956,2.9,,"1109 MacArthur Blvd, Oakland CA 94610, US","2093 35th Ave, Oakland CA 94601, US",,0,0,0
3501  - 3501,Tue 3/8/22,31145000,36015000,2760000,4860000,1320000,956,984,28.1,,"2089 35th Ave, Oakland CA 94601, US","647 S 15th St, Richmond CA 94804, US",,0,0,0
3501  - 3501,Tue 3/8/22,41899000,44057000,5880000,2160000,420000,984,1002,18.3,,"645 S 15th St, Richmond CA 94804, US","3654 18th St, San Francisco CA 94114, US",,0,0,0
3501  - 3501,Tue 3/8/22,48707000,53275000,4680000,4560000,1260000,1002,1051,48.7,,"3664 18th St, San Francisco CA 94114, US","Herriman Ave, Saratoga CA 95070, US",,0,0,0
3501  - 3501,Tue 3/8/22,65705000,72513000,12420000,6780000,900000,1051,1128,77.1,,"Herriman Ave, Saratoga CA 95070, US","DHarris Tours, 2207 Vista Del Rio St, Vallejo 94525, US",,0,0,0
3501  - 3501,Wed 3/9/22,25210000,30746000,39120000,5520000,1920000,1128,1158,29.8,,"DHarris Tours, 2207 Vista Del Rio St, Vallejo 94525, US","10101 Bancroft Ave, Oakland CA 94603, US",,0,0,0
3501  - 3501,Wed 3/9/22,31585000,34323000,840000,2760000,1020000,1158,1170,12.5,,"10101 Bancroft Ave, Oakland CA 94603, US","137 Grand Ave, Oakland CA 94612, US",,0,0,0
3501  - 3501,Wed 3/9/22,38208000,38704000,3900000,480000,60000,1170,1172,1.5,,"2237 Valdez St, Oakland CA 94612, US","2820 West St, Emeryville CA 94608, US",,0,0,0
3501  - 3501,Wed 3/9/22,44186000,45068000,5460000,900000,840000,1172,1172,0.1,,"2816 West St, Emeryville CA 94608, US","707 29th St, Oakland CA 94609, US",,0,0,0
3501  - 3501,Wed 3/9/22,46518000,48419000,1440000,1920000,540000,1172,1185,13.4,,"709 29th St, Oakland CA 94609, US","2168 Bancroft Ave, San Leandro CA 94577, US",,0,0,0
3501  - 3501,Wed 3/9/22,50363000,56668000,1920000,6300000,1140000,1185,1239,53.2,,"2168 Bancroft Ave, San Leandro CA 94577, US","2582 Road 20, San Pablo CA 94806, US",,0,0,0
3501  - 3501,Wed 3/9/22,62576000,65993000,5880000,3420000,1560000,1239,1249,10.8,,"2586 Road 20, San Pablo CA 94806, US","DHarris Tours, 2207 Vista Del Rio St, Vallejo 94525, US",,0,0,0
3501  - 3501,Thu 3/10/22,16149000,19460000,36540000,3300000,840000,1249,1285,36,,"DHarris Tours, 2207 Vista Del Rio St, Vallejo 94525, US","Railroad Ave, South San Francisco CA 94080, US",,0,0,0
3501  - 3501,Thu 3/10/22,20185000,35595000,720000,15420000,1920000,1285,1515,230.1,,"Railroad Ave, South San Francisco CA 94080, US","W Grangeville Blvd, Hanford CA 93230, US",,0,0,0
3501  - 3501,Thu 3/10/22,40087000,40693000,4500000,600000,120000,1515,1518,2.7,,"W Grangeville Blvd, Hanford CA 93230, US","49 E Hanford Armona Rd, Hanford CA 93230, US",,0,0,0
3501  - 3501,Thu 3/10/22,41620000,42843000,900000,1200000,900000,1518,1520,1.9,,"51 E Hanford Armona Rd, Hanford CA 93230, US","1005 N 10th Ave, Hanford CA 93230, US",,0,0,0
3501  - 3501,Thu 3/10/22,47321000,68379000,4500000,21060000,1740000,1520,1783,262.6,,"1005 N 10th Ave, Hanford CA 93230, US","DHarris Tours, 2207 Vista Del Rio St, Vallejo 94525, US",,0,0,0
3501  - 3501,Tue 3/15/22,27953000,37602000,387960000,9660000,3240000,1783,1861,77.9,,"DHarris Tours, 2207 Vista Del Rio St, Vallejo 94525, US","148 S 9th St, San Jose CA 95112, US",,0,0,0
3501  - 3501,Tue 3/15/22,47051000,51224000,9420000,4200000,480000,1861,1916,55.5,,"138 S 9th St, San Jose CA 95112, US","Campus Dr, San Pablo CA 94806, US",,0,0,0
3501  - 3501,Tue 3/15/22,54922000,58061000,3720000,3120000,1020000,1916,1934,18.3,,"Campus Dr, San Pablo CA 94806, US","DHarris Tours, 2207 Vista Del Rio St, Vallejo 94525, US",,0,0,0
3501  - 3501,Wed 3/16/22,22775000,29388000,51120000,6600000,1500000,1934,2002,67.6,,"DHarris Tours, 2207 Vista Del Rio St, Vallejo 94525, US","1710 Fulton Rd, Santa Rosa CA 95403, US",,0,0,0
3501  - 3501,Wed 3/16/22,30580000,36855000,1200000,6300000,780000,2002,2064,61.8,,"Fulton Rd, Santa Rosa CA 95403, US","2201 16th St, San Francisco CA 94110, US",,0,0,0
3501  - 3501,Wed 3/16/22,40578000,42522000,3720000,1920000,300000,2064,2073,9.8,,"2199 16th St, San Francisco CA 94110, US","2160 24th Ave, San Francisco CA 94116, US",,0,0,0
3501  - 3501,Wed 3/16/22,46095000,49512000,3600000,3420000,900000,2073,2091,17.1,,"2160 24th Ave, San Francisco CA 94116, US","1955 Bryant St, San Francisco CA 94110, US",,0,0,0
3501  - 3501,Wed 3/16/22,51268000,65021000,1740000,13740000,2700000,2091,2220,129,,"1910 Bryant St, San Francisco CA 94110, US","DHarris Tours, 2207 Vista Del Rio St, Vallejo 94525, US",,0,0,0
3501  - 3501,Fri 3/18/22,26690000,32958000,134460000,6240000,1980000,2220,2274,54.2,,"DHarris Tours, 2207 Vista Del Rio St, Vallejo 94525, US","Arroyo Rd, Livermore CA 94550, US",,0,0,0
3501  - 3501,Fri 3/18/22,40073000,45897000,7140000,5820000,1140000,2274,2329,54.8,,"Arroyo Rd, Livermore CA 94550, US","632 North Point St, San Francisco CA 94133, US",,0,0,0
3501  - 3501,Fri 3/18/22,52005000,55636000,6120000,3660000,1320000,2329,2338,9.9,,"634 North Point St, San Francisco CA 94133, US","2079 24th Ave, San Francisco CA 94116, US",,0,0,0
3501  - 3501,Fri 3/18/22,61894000,68875000,6240000,6960000,1620000,2338,2375,36.3,,"2077 24th Ave, San Francisco CA 94116, US","DHarris Tours, 2207 Vista Del Rio St, Vallejo 94525, US",,0,0,0
3501  - 3501,Mon 3/21/22,43116000,47476000,233460000,4380000,2340000,2375,2397,21.8,,"DHarris Tours, 2207 Vista Del Rio St, Vallejo 94525, US","485 45th St, Oakland CA 94609, US",,0,0,0
3501  - 3501,Mon 3/21/22,48820000,51061000,1320000,2220000,1980000,2397,2397,0.6,,"485 45th St, Oakland CA 94609, US","4419 Broadway, Oakland CA 94611, US",,0,0,0
3501  - 3501,Mon 3/21/22,52351000,54491000,1320000,2160000,660000,2397,2408,10.5,,"4419 Broadway, Oakland CA 94611, US","368 Ivy Dr, Orinda CA 94563, US",,0,0,0
3501  - 3501,Mon 3/21/22,67599000,71556000,13080000,3960000,720000,2408,2441,33.6,,"370 Ivy Dr, Orinda CA 94563, US","DHarris Tours, 2207 Vista Del Rio St, Vallejo 94525, US",,0,0,0
3501  - 3501,Fri 3/25/22,39370000,41194000,313440000,1800000,960000,2441,2447,5.9,,"DHarris Tours, 2207 Vista Del Rio St, Vallejo 94525, US","DHarris Tours, 2207 Vista Del Rio St, Vallejo 94525, US",,0,0,0
3501  - 3501,Mon 3/28/22,44311000,48146000,262320000,3840000,1380000,2447,2480,32.6,,"DHarris Tours, 2207 Vista Del Rio St, Vallejo 94525, US","2168 Bancroft Ave, San Leandro CA 94577, US",,0,0,0
3501  - 3501,Mon 3/28/22,52623000,55452000,4500000,2820000,420000,2480,2505,25.4,,"2168 Bancroft Ave, San Leandro CA 94577, US","2536 Road 20, San Pablo CA 94806, US",,0,0,0
3501  - 3501,Mon 3/28/22,61248000,64483000,5820000,3240000,1320000,2505,2522,16.8,,"2538 Road 20, San Pablo CA 94806, US","DHarris Tours, 2207 Vista Del Rio St, Vallejo 94525, US",,0,0,0
3501  - 3501,Wed 3/30/22,27090000,31513000,135420000,4440000,1380000,2522,2550,28.5,,"DHarris Tours, 2207 Vista Del Rio St, Vallejo 94525, US","8553 MacArthur Blvd, Oakland CA 94605, US",,0,0,0
3501  - 3501,Wed 3/30/22,32421000,36597000,900000,4200000,1800000,2550,2572,21.8,,"8553 MacArthur Blvd, Oakland CA 94605, US","2197 16th St, San Francisco CA 94110, US",,0,0,0
3501  - 3501,Wed 3/30/22,43366000,43714000,6780000,360000,120000,2572,2573,0.5,,"2201 16th St, San Francisco CA 94110, US","1815 17th St, San Francisco CA 94103, US",,0,0,0
3501  - 3501,Wed 3/30/22,49689000,51237000,6000000,1560000,1260000,2573,2574,0.9,,"1788 17th St, San Francisco CA 94103, US","1907 Bryant St, San Francisco CA 94110, US",,0,0,0
3501  - 3501,Wed 3/30/22,52690000,59718000,1440000,7020000,2280000,2574,2617,43.5,,"1908 Bryant St, San Francisco CA 94110, US","1573 Mann Dr, Pinole CA 94564, US",,0,0,0
3501  - 3501,Wed 3/30/22,60376000,63630000,660000,3240000,1620000,2617,2628,11.1,,"1573 Mann Dr, Pinole CA 94564, US","DHarris Tours, 2207 Vista Del Rio St, Vallejo 94525, US",,0,0,0
3601  - 3601,Tue 3/1/22,46940000,50609000,1788060000,3660000,2160000,412,427,15.3,,"DHarris Tours, 2207 Vista Del Rio St, Vallejo 94525, US","DHarris Tours, 2207 Vista Del Rio St, Vallejo 94525, US",,0,0,0
3601  - 3601,Thu 3/3/22,28347000,32343000,150540000,4020000,1020000,427,452,25.4,,"DHarris Tours, 2207 Vista Del Rio St, Vallejo 94525, US","2266 34th Ave, Oakland CA 94601, US",,0,0,0
3601  - 3601,Thu 3/3/22,33219000,35709000,900000,2520000,780000,452,468,15.8,,"2266 34th Ave, Oakland CA 94601, US","Wildcat Canyon Pkwy, Richmond CA 94805, US",,0,0,0
3601  - 3601,Thu 3/3/22,51035000,56660000,15300000,5640000,840000,468,512,43.4,,"Wildcat Canyon Pkwy, Richmond CA 94805, US","1098 Pomona St, Crockett CA 94525, US",,0,0,0
3601  - 3601,Thu 3/3/22,57505000,58960000,840000,1440000,300000,512,518,6.3,,"1098 Pomona St, Crockett CA 94525, US","Willow Ave, Hercules CA 94547, US",,0,0,0
3601  - 3601,Thu 3/3/22,60156000,61289000,1200000,1140000,600000,518,521,3.5,,"Willow Ave, Hercules CA 94547, US","DHarris Tours, 2207 Vista Del Rio St, Vallejo 94525, US",,0,0,0
3601  - 3601,Wed 3/9/22,25998000,36642000,483120000,10620000,3780000,521,569,47.1,,"DHarris Tours, 2207 Vista Del Rio St, Vallejo 94525, US","576 Terry A Francois Blvd, San Francisco CA 94158, US",,0,0,0
3601  - 3601,Wed 3/9/22,37518000,39285000,900000,1740000,720000,569,573,4.9,,"576 Terry A Francois Blvd, San Francisco CA 94158, US","580 Terry A Francois Blvd, San Francisco CA 94158, US",,0,0,0
3601  - 3601,Wed 3/9/22,42669000,43102000,3360000,420000,180000,573,574,0.6,,"582 Terry A Francois Blvd, San Francisco CA 94158, US","547 Terry A Francois Blvd, San Francisco CA 94158, US",,0,0,0
3601  - 3601,Wed 3/9/22,49545000,51830000,6420000,2280000,1680000,574,576,1.9,,"545 Terry A Francois Blvd, San Francisco CA 94158, US","1954 Bryant St, San Francisco CA 94110, US",,0,0,0
3601  - 3601,Wed 3/9/22,52503000,57638000,660000,5160000,1980000,576,602,25.7,,"1960 Bryant St, San Francisco CA 94110, US","985 Bayfair Dr, San Leandro CA 94578, US",,0,0,0
3601  - 3601,Wed 3/9/22,58628000,60871000,1020000,2220000,900000,602,614,12.5,,"985 Bayfair Dr, San Leandro CA 94578, US","H St, Union City CA 94587, US",,0,0,0
3601  - 3601,Wed 3/9/22,61607000,69641000,720000,8040000,3060000,614,661,46.6,,"H St, Union City CA 94587, US","DHarris Tours, 2207 Vista Del Rio St, Vallejo 94525, US",,0,0,0
3601  - 3601,Thu 3/10/22,23667000,28029000,40440000,4380000,1080000,661,686,24.7,,"DHarris Tours, 2207 Vista Del Rio St, Vallejo 94525, US","247 Bahia Way, San Rafael CA 94901, US",,0,0,0
3601  - 3601,Thu 3/10/22,30861000,34251000,2820000,3420000,1620000,686,703,17,,"251 Bahia Way, San Rafael CA 94901, US","Field Rd, Sausalito CA 94965, US",,0,0,0
3601  - 3601,Thu 3/10/22,45058000,46475000,10800000,1440000,960000,703,705,2,,"Field Rd, Sausalito CA 94965, US","Coastal Trl, Sausalito CA 94965, US",,0,0,0
3601  - 3601,Thu 3/10/22,48439000,54610000,1980000,6180000,1920000,705,747,42,,"Mitchell Rd, Sausalito CA 94965, US","1096 Pomona St, Crockett CA 94525, US",,0,0,0
3601  - 3601,Thu 3/10/22,57431000,60166000,2820000,2760000,840000,747,757,10.3,,"1092 Pomona St, Crockett CA 94525, US","DHarris Tours, 2207 Vista Del Rio St, Vallejo 94525, US",,0,0,0
3601  - 3601,Sat 3/12/22,34247000,57553000,146880000,23280000,10200000,757,845,88,,"DHarris Tours, 2207 Vista Del Rio St, Vallejo 94525, US","Park Pl, Dublin CA 94568, US",,0,0,0
3601  - 3601,Sat 3/12/22,59659000,68964000,2100000,9300000,2700000,845,902,57.6,,"Park Pl, Dublin CA 94568, US","DHarris Tours, 2207 Vista Del Rio St, Vallejo 94525, US",,0,0,0
3601  - 3601,Sat 3/12/22,72052000,72717000,3060000,660000,240000,902,905,2.6,,"DHarris Tours, 2207 Vista Del Rio St, Vallejo 94525, US","401 Parker Ave, Rodeo CA 94572, US",,0,0,0
3601  - 3601,Sat 3/12/22,73803000,74478000,1080000,660000,240000,905,908,2.6,,"401 Parker Ave, Rodeo CA 94572, US","DHarris Tours, 2207 Vista Del Rio St, Vallejo 94525, US",,0,0,0
3601  - 3601,Sun 3/13/22,28061000,37533000,36360000,9480000,3600000,908,965,56.8,,"DHarris Tours, 2207 Vista Del Rio St, Vallejo 94525, US","6782 Dublin Blvd, Dublin CA 94568, US",,0,0,0
3601  - 3601,Sun 3/13/22,38339000,39825000,780000,1500000,720000,965,969,4.5,,"6782 Dublin Blvd, Dublin CA 94568, US","6782 Dublin Blvd, Dublin CA 94568, US",,0,0,0
3601  - 3601,Sun 3/13/22,40731000,43208000,900000,2460000,1080000,969,979,9.6,,"6784 Dublin Blvd, Dublin CA 94568, US","6856 Regional St, Dublin CA 94568, US",,0,0,0
3601  - 3601,Sun 3/13/22,44034000,54531000,840000,10500000,3960000,979,1014,35.2,,"6856 Regional St, Dublin CA 94568, US","5931 Dougherty Rd, Dublin CA 94568, US",,0,0,0
3601  - 3601,Sun 3/13/22,55155000,65839000,600000,10680000,4140000,1014,1074,60.4,,"5931 Dougherty Rd, Dublin CA 94568, US","DHarris Tours, 2207 Vista Del Rio St, Vallejo 94525, US",,0,0,0
3601  - 3601,Tue 3/15/22,27329000,31229000,134280000,3900000,2760000,1074,1080,6.2,,"DHarris Tours, 2207 Vista Del Rio St, Vallejo 94525, US","1927 Lupine Rd, Hercules CA 94547, US",,0,0,0
3601  - 3601,Tue 3/15/22,32314000,36819000,1080000,4500000,1800000,1080,1097,17,,"1925 Lupine Rd, Hercules CA 94547, US","Central Park Dr, Berkeley CA 94708, US",,0,0,0
3601  - 3601,Tue 3/15/22,46472000,50626000,9660000,4140000,1440000,1097,1120,22.2,,"Central Park Dr, Berkeley CA 94708, US","DHarris Tours, 2207 Vista Del Rio St, Vallejo 94525, US",,0,0,0
3601  - 3601,Tue 3/15/22,55868000,60982000,5220000,5100000,1860000,1120,1140,20.7,,"DHarris Tours, 2207 Vista Del Rio St, Vallejo 94525, US","Blume Dr, San Pablo CA 94806, US",,0,0,0
3601  - 3601,Tue 3/15/22,62565000,64465000,1560000,1920000,840000,1140,1148,7.4,,"Blume Dr, San Pablo CA 94806, US","DHarris Tours, 2207 Vista Del Rio St, Vallejo 94525, US",,0,0,0
3601  - 3601,Thu 3/17/22,53519000,59074000,161880000,5580000,1560000,1148,1180,32,,"DHarris Tours, 2207 Vista Del Rio St, Vallejo 94525, US","2248 Central Ave, Alameda CA 94501, US",,0,0,0
3601  - 3601,Thu 3/17/22,62302000,62632000,3240000,360000,120000,1180,1180,0.5,,"2250 Central Ave, Alameda CA 94501, US","2225 Encinal Ave, Alameda CA 94501, US",,0,0,0
3601  - 3601,Thu 3/17/22,64034000,69087000,1380000,5040000,900000,1180,1224,43.4,,"2223 Encinal Ave, Alameda CA 94501, US","DHarris Tours, 2207 Vista Del Rio St, Vallejo 94525, US",,0,0,0
3601  - 3601,Sun 3/20/22,42653000,42768000,232740000,120000,120000,1224,1224,0.1,,"DHarris Tours, 2207 Vista Del Rio St, Vallejo 94525, US","DHarris Tours, 2207 Vista Del Rio St, Vallejo 94525, US",,0,0,0
3601  - 3601,Sun 3/20/22,63452000,63623000,20700000,180000,120000,1224,1224,0.1,,"DHarris Tours, 2207 Vista Del Rio St, Vallejo 94525, US","DHarris Tours, 2207 Vista Del Rio St, Vallejo 94525, US",,0,0,0
3601  - 3601,Thu 3/24/22,25309000,33068000,307260000,7740000,2700000,1224,1260,36.4,,"DHarris Tours, 2207 Vista Del Rio St, Vallejo 94525, US","2644 42nd Ave, San Francisco CA 94116, US",,0,0,0
3601  - 3601,Thu 3/24/22,34237000,36555000,1140000,2340000,600000,1260,1267,6.6,,"2642 42nd Ave, San Francisco CA 94116, US","2074 Fulton St, San Francisco CA 94117, US",,0,0,0
3601  - 3601,Thu 3/24/22,37319000,38782000,780000,1440000,300000,1267,1272,5.1,,"2066 Fulton St, San Francisco CA 94117, US","Buckingham Way, San Francisco CA 94132, US",,0,0,0
3601  - 3601,Thu 3/24/22,48587000,57826000,9780000,9240000,2760000,1272,1316,44.6,,"Buckingham Way, San Francisco CA 94132, US","DHarris Tours, 2207 Vista Del Rio St, Vallejo 94525, US",,0,0,0
3601  - 3601,Fri 3/25/22,27786000,30841000,56340000,3060000,2040000,1316,1325,8.6,,"DHarris Tours, 2207 Vista Del Rio St, Vallejo 94525, US","Christine Dr, San Pablo CA 94806, US",,0,0,0
3601  - 3601,Fri 3/25/22,32299000,34198000,1440000,1920000,1020000,1325,1330,5.5,,"Christine Dr, San Pablo CA 94806, US","Wildcat Canyon Pkwy, Richmond CA 94805, US",,0,0,0
3601  - 3601,Fri 3/25/22,47715000,54732000,13500000,7020000,2580000,1330,1368,37.1,,"Wildcat Canyon Pkwy, Richmond CA 94805, US","2033 Via Barrett, San Lorenzo CA 94580, US",,0,0,0
3601  - 3601,Fri 3/25/22,63007000,63527000,8280000,540000,180000,1368,1369,1.3,,"2033 Via Barrett, San Lorenzo CA 94580, US","Lorenzo Ave, San Lorenzo CA 94580, US",,0,0,0
3601  - 3601,Fri 3/25/22,64564000,69371000,1020000,4800000,1320000,1369,1404,35.4,,"Lorenzo Ave, San Lorenzo CA 94580, US","DHarris Tours, 2207 Vista Del Rio St, Vallejo 94525, US",,0,0,0
3601  - 3601,Mon 3/28/22,50316000,55060000,240120000,4740000,2340000,1404,1432,28.2,,"DHarris Tours, 2207 Vista Del Rio St, Vallejo 94525, US","1380 66th Ave, Oakland CA 94621, US",,0,0,0
3601  - 3601,Mon 3/28/22,56297000,58907000,1260000,2640000,1080000,1432,1442,9.9,,"1380 66th Ave, Oakland CA 94621, US","511 Grand Ave, Oakland CA 94610, US",,0,0,0
3601  - 3601,Mon 3/28/22,59672000,60151000,780000,480000,180000,1442,1444,1.2,,"513 Grand Ave, Oakland CA 94610, US","Lake Merritt Blvd, Oakland CA 94607, US",,0,0,0
3601  - 3601,Mon 3/28/22,64427000,68868000,4260000,4440000,1020000,1444,1480,36.5,,"Lake Merritt Blvd, Oakland CA 94607, US","DHarris Tours, 2207 Vista Del Rio St, Vallejo 94525, US",,0,0,0
3601  - 3601,Tue 3/29/22,24056000,30515000,41580000,6480000,3600000,1480,1506,26,,"DHarris Tours, 2207 Vista Del Rio St, Vallejo 94525, US","Mountain Blvd, Oakland CA 94619, US",,0,0,0
3601  - 3601,Tue 3/29/22,31260000,35452000,720000,4200000,2100000,1506,1523,16.6,,"Mountain Blvd, Oakland CA 94619, US","1910 17th St, San Francisco CA 94103, US",,0,0,0
3601  - 3601,Tue 3/29/22,48153000,49004000,12720000,840000,600000,1523,1523,0.7,,"434 Rhode Island St, San Francisco CA 94103, US","2639 Mariposa St, San Francisco CA 94110, US",,0,0,0
3601  - 3601,Tue 3/29/22,50238000,50480000,1260000,240000,60000,1523,1524,0.4,,"2644 Mariposa St, San Francisco CA 94110, US","1957 Bryant St, San Francisco CA 94110, US",,0,0,0
3601  - 3601,Tue 3/29/22,51926000,60016000,1440000,8100000,1440000,1524,1580,56.4,,"1919 Bryant St, San Francisco CA 94110, US","DHarris Tours, 2207 Vista Del Rio St, Vallejo 94525, US",,0,0,0
3601  - 3601,Wed 3/30/22,48187000,54724000,74580000,6540000,4380000,1580,1599,19,,"DHarris Tours, 2207 Vista Del Rio St, Vallejo 94525, US","2572 Road 20, San Pablo CA 94806, US",,0,0,0
3601  - 3601,Wed 3/30/22,62334000,64489000,7620000,2160000,600000,1599,1610,10.8,,"2582 Road 20, San Pablo CA 94806, US","DHarris Tours, 2207 Vista Del Rio St, Vallejo 94525, US",,0,0,0
3601  - 3601,Thu 3/31/22,25221000,29212000,47160000,4020000,1680000,1610,1636,26.3,,"DHarris Tours, 2207 Vista Del Rio St, Vallejo 94525, US","2021 40th Ave, Oakland CA 94601, US",,0,0,0
3601  - 3601,Thu 3/31/22,31701000,38286000,2460000,6600000,2040000,1636,1679,42.4,,"2020 40th Ave, Oakland CA 94601, US","8065 Northgate Dr, San Rafael CA 94903, US",,0,0,0
3601  - 3601,Thu 3/31/22,45135000,53907000,6840000,8760000,2340000,1679,1737,58.6,,"8037 Northgate Dr, San Rafael CA 94903, US","Bayfair Dr, San Leandro CA 94578, US",,0,0,0
3601  - 3601,Thu 3/31/22,55699000,56122000,1800000,420000,360000,1737,1737,0.2,,"Bayfair Dr, San Leandro CA 94578, US","665 Bayfair Dr, San Leandro CA 94578, US",,0,0,0
3601  - 3601,Thu 3/31/22,65854000,71239000,9720000,5400000,1860000,1737,1779,41,,"665 Bayfair Dr, San Leandro CA 94578, US","DHarris Tours, 2207 Vista Del Rio St, Vallejo 94525, US",,0,0,0
3602 - 3602,Tue 3/1/22,54201000,55731000,81660000,1560000,480000,607,615,7.8,,"Utah Ave, South San Francisco CA 94080, US","2850 Alemany Blvd, San Francisco CA 94112, US",,0,0,0
3602 - 3602,Tue 3/1/22,56808000,59159000,1080000,2340000,840000,615,626,11.2,,"2890 Alemany Blvd, San Francisco CA 94112, US","Utah Ave, South San Francisco CA 94080, US",,0,0,0
3602 - 3602,Wed 3/2/22,52259000,55135000,79500000,2880000,600000,626,645,19,,"Utah Ave, South San Francisco CA 94080, US","Utah Ave, South San Francisco CA 94080, US",,0,0,0
3602 - 3602,Thu 3/3/22,53699000,55622000,84960000,1920000,900000,645,653,7.8,,"Utah Ave, South San Francisco CA 94080, US","2854 Alemany Blvd, San Francisco CA 94112, US",,0,0,0
3602 - 3602,Thu 3/3/22,56542000,59132000,900000,2580000,1080000,653,664,11.2,,"2854 Alemany Blvd, San Francisco CA 94112, US","Utah Ave, South San Francisco CA 94080, US",,0,0,0
3602 - 3602,Fri 3/4/22,53502000,55728000,80760000,2220000,1140000,664,671,7.7,,"157 Utah Ave, South San Francisco CA 94080, US","2808 Alemany Blvd, San Francisco CA 94112, US",,0,0,0
3602 - 3602,Fri 3/4/22,56685000,58666000,960000,1980000,480000,671,683,11.3,,"2808 Alemany Blvd, San Francisco CA 94112, US","Utah Ave, South San Francisco CA 94080, US",,0,0,0
3602 - 3602,Mon 3/7/22,53699000,53699000,254220000,0,,683,693,10.4,,odometer corrected,odometer corrected,,0,0,0
3602 - 3602,Mon 3/7/22,53699000,55850000,0,2160000,840000,693,704,11.1,,"San Jose Ave, San Francisco CA 94112, US","Utah Ave, South San Francisco CA 94080, US",,0,0,0
3602 - 3602,Tue 3/8/22,52597000,56052000,83160000,3480000,1080000,704,723,19,,"155 Utah Ave, South San Francisco CA 94080, US","Utah Ave, South San Francisco CA 94080, US",,0,0,0
3602 - 3602,Wed 3/9/22,52544000,55474000,82920000,2940000,660000,723,741,18.2,,"323 S Airport Blvd, South San Francisco CA 94080, US","Utah Ave, South San Francisco CA 94080, US",,0,0,0
3602 - 3602,Mon 3/14/22,54624000,58903000,427560000,4260000,1740000,741,760,19,,"155 Utah Ave, South San Francisco CA 94080, US","Utah Ave, South San Francisco CA 94080, US",,0,0,0
3602 - 3602,Tue 3/15/22,55176000,58832000,82680000,3660000,1140000,760,780,19.2,,"155 Utah Ave, South San Francisco CA 94080, US","Utah Ave, South San Francisco CA 94080, US",,0,0,0
3602 - 3602,Wed 3/16/22,52407000,55070000,79980000,2640000,360000,780,798,18.2,,"Utah Ave, South San Francisco CA 94080, US","Utah Ave, South San Francisco CA 94080, US",,0,0,0
3602 - 3602,Thu 3/17/22,54941000,56073000,86280000,1140000,120000,798,806,7.7,,"157 Utah Ave, South San Francisco CA 94080, US","2830 Alemany Blvd, San Francisco CA 94112, US",,0,0,0
3602 - 3602,Thu 3/17/22,56737000,59009000,660000,2280000,720000,806,817,11.2,,"2832 Alemany Blvd, San Francisco CA 94112, US","Utah Ave, South San Francisco CA 94080, US",,0,0,0
3602 - 3602,Fri 3/18/22,52816000,54385000,80220000,1560000,540000,817,825,7.8,,"Utah Ave, South San Francisco CA 94080, US","2858 Alemany Blvd, San Francisco CA 94112, US",,0,0,0
3602 - 3602,Fri 3/18/22,56668000,59073000,2280000,2400000,840000,825,836,11.2,,"2892 Alemany Blvd, San Francisco CA 94112, US","Utah Ave, South San Francisco CA 94080, US",,0,0,0
3602 - 3602,Mon 3/21/22,53324000,55277000,253440000,1980000,1020000,836,844,7.8,,"Utah Ave, South San Francisco CA 94080, US","2854 Alemany Blvd, San Francisco CA 94112, US",,0,0,0
3602 - 3602,Mon 3/21/22,56737000,59136000,1440000,2400000,720000,844,855,11.2,,"2890 Alemany Blvd, San Francisco CA 94112, US","Utah Ave, South San Francisco CA 94080, US",,0,0,0
3602 - 3602,Tue 3/22/22,55163000,58843000,82440000,3660000,1020000,855,875,19.6,,"157 Utah Ave, South San Francisco CA 94080, US","174 Gateway Blvd, South San Francisco CA 94080, US",,0,0,0
3602 - 3602,Tue 3/22/22,60615000,60851000,1800000,240000,0,875,875,0.9,,"Gateway Blvd, South San Francisco CA 94080, US","Utah Ave, South San Francisco CA 94080, US",,0,0,0
3602 - 3602,Wed 3/23/22,53965000,53965000,79500000,0,,875,884,9.1,,odometer corrected,odometer corrected,,0,0,0
3602 - 3602,Wed 3/23/22,53965000,54901000,0,960000,60000,884,894,9,,"145 London St, San Francisco CA 94112, US","Utah Ave, South San Francisco CA 94080, US",,0,0,0
3602 - 3602,Thu 3/24/22,53067000,55072000,84540000,1980000,1020000,894,901,7.7,,"Utah Ave, South San Francisco CA 94080, US","2824 Alemany Blvd, San Francisco CA 94112, US",,0,0,0
3602 - 3602,Thu 3/24/22,56600000,59372000,1500000,2760000,1200000,901,913,11.3,,"2826 Alemany Blvd, San Francisco CA 94112, US","Utah Ave, South San Francisco CA 94080, US",,0,0,0
3602 - 3602,Fri 3/25/22,53818000,55438000,80820000,1620000,600000,913,920,7.7,,"Utah Ave, South San Francisco CA 94080, US","2822 Alemany Blvd, San Francisco CA 94112, US",,0,0,0
3602 - 3602,Fri 3/25/22,56769000,60862000,1320000,4080000,2580000,920,931,11.2,,"2824 Alemany Blvd, San Francisco CA 94112, US","Utah Ave, South San Francisco CA 94080, US",,0,0,0
3801  - 3801,Tue 3/1/22,27526000,35828000,387360000,8280000,2820000,1318,1358,40.4,,"DHarris Tours, 2207 Vista Del Rio St, Vallejo 94525, US","519 Grand Ave, Oakland CA 94610, US",,0,0,0
3801  - 3801,Tue 3/1/22,37141000,37597000,1320000,480000,300000,1358,1359,0.6,,"510 Grand Ave, Oakland CA 94610, US","1939 Lakeshore Ave, Oakland CA 94606, US",,0,0,0
3801  - 3801,Tue 3/1/22,45158000,46726000,7560000,1560000,780000,1359,1364,5.3,,"1935 Lakeshore Ave, Oakland CA 94606, US","711 29th St, Oakland CA 94609, US",,0,0,0
3801  - 3801,Tue 3/1/22,47374000,54646000,660000,7260000,2820000,1364,1404,39.5,,"711 29th St, Oakland CA 94609, US","Park Ln, Lafayette CA 94549, US",,0,0,0
3801  - 3801,Tue 3/1/22,64827000,70587000,10200000,5760000,1500000,1404,1458,54.6,,"Park Ln, Lafayette CA 94549, US","DHarris Tours, 2207 Vista Del Rio St, Vallejo 94525, US",,0,0,0
3801  - 3801,Thu 3/3/22,45269000,53653000,147480000,8400000,2580000,1458,1530,72.4,,"DHarris Tours, 2207 Vista Del Rio St, Vallejo 94525, US","Safford Ave, Tracy CA 95377, US",,0,0,0
3801  - 3801,Thu 3/3/22,54312000,55316000,660000,1020000,480000,1530,1533,2.5,,"Safford Ave, Tracy CA 95377, US","Byron Rd, Tracy CA 95377, US",,0,0,0
3801  - 3801,Thu 3/3/22,58710000,60081000,3420000,1380000,1020000,1533,1535,2.1,,"Byron Rd, Tracy CA 95377, US","Safford Ave, Tracy CA 95377, US",,0,0,0
3801  - 3801,Thu 3/3/22,63879000,70897000,3780000,7020000,1320000,1535,1609,73.6,,"Safford Ave, Tracy CA 95377, US","DHarris Tours, 2207 Vista Del Rio St, Vallejo 94525, US",,0,0,0
3801  - 3801,Fri 3/4/22,51075000,64408000,66600000,13320000,4200000,1609,1670,61.2,,"DHarris Tours, 2207 Vista Del Rio St, Vallejo 94525, US","DHarris Tours, 2207 Vista Del Rio St, Vallejo 94525, US",,0,0,0
3801  - 3801,Tue 3/8/22,27528000,35380000,308700000,7860000,2280000,1670,1707,37.3,,"DHarris Tours, 2207 Vista Del Rio St, Vallejo 94525, US","Lake Merritt Blvd, Oakland CA 94607, US",,0,0,0
3801  - 3801,Tue 3/8/22,36432000,36805000,1080000,360000,60000,1707,1709,1.7,,"Lake Merritt Blvd, Oakland CA 94607, US","467 Grand Ave, Oakland CA 94610, US",,0,0,0
3801  - 3801,Tue 3/8/22,38585000,38899000,1800000,300000,120000,1709,1709,0.7,,"471 Grand Ave, Oakland CA 94610, US","1959 Lakeshore Ave, Oakland CA 94606, US",,0,0,0
3801  - 3801,Tue 3/8/22,44580000,45337000,5700000,780000,120000,1709,1714,4.8,,"1961 Lakeshore Ave, Oakland CA 94606, US","2886 West St, Emeryville CA 94608, US",,0,0,0
3801  - 3801,Tue 3/8/22,46182000,46396000,840000,240000,180000,1714,1714,0.1,,"2890 West St, Emeryville CA 94608, US","696 29th St, Oakland CA 94609, US",,0,0,0
3801  - 3801,Tue 3/8/22,47216000,52394000,840000,5160000,1980000,1714,1749,34.8,,"697 29th St, Oakland CA 94609, US","DHarris Tours, 2207 Vista Del Rio St, Vallejo 94525, US",,0,0,0
3801  - 3801,Thu 3/10/22,46513000,56207000,166920000,9720000,3120000,1749,1825,76,,"DHarris Tours, 2207 Vista Del Rio St, Vallejo 94525, US","Lake Merritt Blvd, Oakland CA 94607, US",,0,0,0
3801  - 3801,Thu 3/10/22,57628000,59241000,1440000,1620000,780000,1825,1829,3.5,,"Lake Merritt Blvd, Oakland CA 94607, US","778 Magnolia Ave, Piedmont CA 94611, US",,0,0,0
3801  - 3801,Thu 3/10/22,66409000,73896000,7140000,7500000,1500000,1829,1898,69.5,,"780 Magnolia Ave, Piedmont CA 94611, US","DHarris Tours, 2207 Vista Del Rio St, Vallejo 94525, US",,0,0,0
3801  - 3801,Tue 3/15/22,25613000,38412000,380100000,12780000,2760000,1898,1973,75.2,,"DHarris Tours, 2207 Vista Del Rio St, Vallejo 94525, US","630 North Point St, San Francisco CA 94133, US",,0,0,0
3801  - 3801,Tue 3/15/22,48227000,50342000,9840000,2100000,840000,1973,1978,4.2,,"632 North Point St, San Francisco CA 94133, US","1965 Bryant St, San Francisco CA 94110, US",,0,0,0
3801  - 3801,Tue 3/15/22,51789000,60527000,1440000,8760000,2280000,1978,2047,69.7,,"1954 Bryant St, San Francisco CA 94110, US","DHarris Tours, 2207 Vista Del Rio St, Vallejo 94525, US",,0,0,0
3801  - 3801,Wed 3/16/22,27692000,34972000,53580000,7260000,2580000,2047,2092,45.1,,"DHarris Tours, 2207 Vista Del Rio St, Vallejo 94525, US","377 E 18th St, Oakland CA 94606, US",,0,0,0
3801  - 3801,Wed 3/16/22,36074000,37917000,1080000,1860000,1080000,2092,2097,4.5,,"377 E 18th St, Oakland CA 94606, US","291 Grand Ave, Oakland CA 94610, US",,0,0,0
3801  - 3801,Wed 3/16/22,45037000,45938000,7140000,900000,540000,2097,2100,2.9,,"289 Grand Ave, Oakland CA 94610, US","2892 West St, Emeryville CA 94608, US",,0,0,0
3801  - 3801,Wed 3/16/22,46625000,49313000,660000,2700000,1200000,2100,2115,14.8,,"2894 West St, Emeryville CA 94608, US","985 Bayfair Dr, San Leandro CA 94578, US",,0,0,0
3801  - 3801,Wed 3/16/22,51224000,56582000,1920000,5340000,2340000,2115,2137,22.5,,"985 Bayfair Dr, San Leandro CA 94578, US","162 Newpark Mall, Newark CA 94560, US",,0,0,0
3801  - 3801,Wed 3/16/22,62439000,62865000,5880000,420000,120000,2137,2138,0.6,,"165 Newpark Mall, Newark CA 94560, US","39475 Cedar Blvd, Newark CA 94560, US",,0,0,0
3801  - 3801,Wed 3/16/22,67272000,72307000,4380000,5040000,1020000,2138,2187,49.7,,"39477 Cedar Blvd, Newark CA 94560, US","DHarris Tours, 2207 Vista Del Rio St, Vallejo 94525, US",,0,0,0
3801  - 3801,Thu 3/17/22,24981000,30332000,39060000,5340000,1980000,2187,2215,27.2,,"DHarris Tours, 2207 Vista Del Rio St, Vallejo 94525, US","4064 Carrington St, Oakland CA 94601, US",,0,0,0
3801  - 3801,Thu 3/17/22,31184000,37704000,840000,6540000,2520000,2215,2254,39.8,,"4066 Carrington St, Oakland CA 94601, US","Northgate Dr, San Rafael CA 94903, US",,0,0,0
3801  - 3801,Thu 3/17/22,43619000,45267000,5940000,1620000,480000,2254,2261,7,,"Northgate Dr, San Rafael CA 94903, US","748 N San Pedro Rd, San Rafael CA 94903, US",,0,0,0
3801  - 3801,Thu 3/17/22,46699000,56889000,1440000,10200000,3000000,2261,2323,61.1,,"748 N San Pedro Rd, San Rafael CA 94903, US","176 Sheridan Ave, San Francisco CA 94129, US",,0,0,0
3801  - 3801,Thu 3/17/22,64033000,65222000,7140000,1200000,480000,2323,2325,2.5,,"178 Sheridan Ave, San Francisco CA 94129, US","2909 Polk St, San Francisco CA 94109, US",,0,0,0
3801  - 3801,Thu 3/17/22,69104000,75658000,3900000,6540000,1320000,2325,2363,37.8,,"2900 Polk St, San Francisco CA 94109, US","DHarris Tours, 2207 Vista Del Rio St, Vallejo 94525, US",,0,0,0
3801  - 3801,Fri 3/18/22,48358000,57216000,59100000,8880000,2160000,2363,2420,56.9,,"DHarris Tours, 2207 Vista Del Rio St, Vallejo 94525, US","Southland Dr, Hayward CA 94545, US",,0,0,0
3801  - 3801,Fri 3/18/22,64601000,67002000,7380000,2400000,1200000,2420,2428,7.7,,"Southland Dr, Hayward CA 94545, US","1194 J St, Union City CA 94587, US",,0,0,0
3801  - 3801,Fri 3/18/22,73930000,79054000,6900000,5100000,900000,2428,2478,50.7,,"1201 J St, Union City CA 94587, US","DHarris Tours, 2207 Vista Del Rio St, Vallejo 94525, US",,0,0,0
3801  - 3801,Sat 3/19/22,41604000,43317000,48960000,1740000,840000,2478,2484,5.4,,"DHarris Tours, 2207 Vista Del Rio St, Vallejo 94525, US","DHarris Tours, 2207 Vista Del Rio St, Vallejo 94525, US",,0,0,0
3801  - 3801,Wed 3/23/22,25729000,36346000,328020000,10620000,3420000,2484,2542,58.6,,"DHarris Tours, 2207 Vista Del Rio St, Vallejo 94525, US","48 Muir Woods Rd, Mill Valley CA 94941, US",,0,0,0
3801  - 3801,Wed 3/23/22,47725000,59574000,11400000,11820000,2640000,2542,2624,82,,"50 Muir Woods Rd, Mill Valley CA 94941, US","1815 El Camino Real, Burlingame CA 94010, US",,0,0,0
3801  - 3801,Wed 3/23/22,62290000,63751000,2700000,1440000,900000,2624,2627,2.8,,"1815 El Camino Real, Burlingame CA 94010, US","478 Carolan Ave, Burlingame CA 94010, US",,0,0,0
3801  - 3801,Wed 3/23/22,65298000,71856000,1560000,6540000,960000,2627,2686,58.7,,"480 Carolan Ave, Burlingame CA 94010, US","DHarris Tours, 2207 Vista Del Rio St, Vallejo 94525, US",,0,0,0
3801  - 3801,Thu 3/24/22,25422000,30881000,39960000,5460000,960000,2686,2716,30.1,,"DHarris Tours, 2207 Vista Del Rio St, Vallejo 94525, US","1959 Silver Ave, San Francisco CA 94124, US",,0,0,0
3801  - 3801,Thu 3/24/22,34330000,42095000,3420000,7740000,3000000,2716,2740,24.4,,"1957 Silver Ave, San Francisco CA 94124, US","178 Sheridan Ave, San Francisco CA 94129, US",,0,0,0
3801  - 3801,Thu 3/24/22,48847000,49807000,6780000,960000,360000,2740,2743,2.3,,"178 Sheridan Ave, San Francisco CA 94129, US","44 Vega St, San Francisco CA 94115, US",,0,0,0
3801  - 3801,Thu 3/24/22,52181000,58083000,2400000,5880000,1740000,2743,2780,37.7,,"47 Vega St, San Francisco CA 94115, US","DHarris Tours, 2207 Vista Del Rio St, Vallejo 94525, US",,0,0,0
3801  - 3801,Fri 3/25/22,25154000,28222000,53460000,3060000,600000,2780,2805,24.5,,"DHarris Tours, 2207 Vista Del Rio St, Vallejo 94525, US","2403 E 27th St, Oakland CA 94601, US",,0,0,0
3801  - 3801,Fri 3/25/22,31318000,35911000,3120000,4620000,720000,2805,2838,33.6,,"2403 E 27th St, Oakland CA 94601, US","52 Muir Woods Rd, Mill Valley CA 94941, US",,0,0,0
3801  - 3801,Fri 3/25/22,47539000,55150000,11640000,7620000,660000,2838,2893,54.8,,"52 Muir Woods Rd, Mill Valley CA 94941, US","Fitzgerald Dr, Pinole CA 94564, US",,0,0,0
3801  - 3801,Fri 3/25/22,57407000,58561000,2280000,1140000,600000,2893,2895,1.8,,"Fitzgerald Dr, Pinole CA 94564, US","1573 Mann Dr, Pinole CA 94564, US",,0,0,0
3801  - 3801,Fri 3/25/22,61622000,66204000,3060000,4560000,2700000,2895,2907,11.7,,"1573 Mann Dr, Pinole CA 94564, US","DHarris Tours, 2207 Vista Del Rio St, Vallejo 94525, US",,0,0,0
3801  - 3801,Mon 3/28/22,35080000,36766000,228060000,1680000,480000,2907,2920,13.4,,"DHarris Tours, 2207 Vista Del Rio St, Vallejo 94525, US","557 S 13th St, Richmond CA 94804, US",,0,0,0
3801  - 3801,Mon 3/28/22,46111000,46332000,9360000,240000,240000,2920,2920,0.1,,"530 S 13th St, Richmond CA 94804, US","S 12th St, Richmond CA 94804, US",,0,0,0
3801  - 3801,Mon 3/28/22,57455000,57543000,11100000,60000,60000,2920,2920,0.1,,"585 S 13th St, Richmond CA 94804, US","1315 Potrero Ave, Richmond CA 94804, US",,0,0,0
3801  - 3801,Tue 3/29/22,26861000,27267000,55740000,420000,240000,2920,2921,0.3,,"1251 Potrero Ave, Richmond CA 94804, US","1311 Potrero Ave, Richmond CA 94804, US",,0,0,0
3801  - 3801,Tue 3/29/22,50245000,50442000,22980000,180000,120000,2921,2921,0,,"1311 Potrero Ave, Richmond CA 94804, US","1233 Potrero Ave, Richmond CA 94804, US",,0,0,0
4402  - 4402,Tue 3/1/22,39641000,43821000,55140000,4200000,840000,1248,1284,35.3,,"DHarris Tours, 2207 Vista Del Rio St, Vallejo 94525, US","1081 Eucalyptus Dr, San Francisco CA 94132, US",,0,0,0
4402  - 4402,Tue 3/1/22,46209000,55938000,2400000,9720000,480000,1284,1419,135.9,,"1079 Eucalyptus Dr, San Francisco CA 94132, US","2257 Pennington Rd, Live Oak CA 95953, US",,0,0,0
4402  - 4402,Tue 3/1/22,57095000,58074000,1140000,960000,720000,1419,1420,0.9,,"2259 Pennington Rd, Live Oak CA 95953, US","2259 Pennington Rd, Live Oak CA 95953, US",,0,0,0
4402  - 4402,Tue 3/1/22,67722000,69672000,9660000,1980000,1020000,1420,1431,10.3,,"10213 High School Dr, Live Oak CA 95953, US","916 Annette Way, Yuba City CA 95993, US",,0,0,0
4402  - 4402,Tue 3/1/22,71297000,83159000,1620000,11880000,1140000,1431,1592,161.1,,"910 Annette Way, Yuba City CA 95993, US","DHarris Tours, 2207 Vista Del Rio St, Vallejo 94525, US",,0,0,0
4402  - 4402,Wed 3/2/22,43847000,48278000,47100000,4440000,1800000,1592,1625,33.1,,"DHarris Tours, 2207 Vista Del Rio St, Vallejo 94525, US","2166 Bancroft Ave, San Leandro CA 94577, US",,0,0,0
4402  - 4402,Wed 3/2/22,49273000,52995000,1020000,3720000,2160000,1625,1641,15.8,,"2166 Bancroft Ave, San Leandro CA 94577, US","Brighton Dr, Dublin CA 94568, US",,0,0,0
4402  - 4402,Wed 3/2/22,65185000,70539000,12180000,5340000,1020000,1641,1689,48,,"Brighton Dr, Dublin CA 94568, US","DHarris Tours, 2207 Vista Del Rio St, Vallejo 94525, US",,0,0,0
4402  - 4402,Thu 3/3/22,43826000,46521000,59700000,2700000,120000,1689,1721,32.3,,"DHarris Tours, 2207 Vista Del Rio St, Vallejo 94525, US","13846 E 14th St, San Leandro CA 94578, US",,0,0,0
4402  - 4402,Thu 3/3/22,48176000,48428000,1680000,240000,180000,1721,1721,0.3,,"13844 E 14th St, San Leandro CA 94578, US","2168 Bancroft Ave, San Leandro CA 94577, US",,0,0,0
4402  - 4402,Thu 3/3/22,51739000,53230000,3300000,1500000,540000,1721,1729,7.5,,"2168 Bancroft Ave, San Leandro CA 94577, US","East Ave, Hayward CA 94541, US",,0,0,0
4402  - 4402,Thu 3/3/22,71263000,75324000,18060000,4080000,840000,1729,1768,39.7,,"East Ave, Hayward CA 94541, US","DHarris Tours, 2207 Vista Del Rio St, Vallejo 94525, US",,0,0,0
4402  - 4402,Thu 3/10/22,46764000,50359000,576240000,3600000,1080000,1768,1800,32,,"DHarris Tours, 2207 Vista Del Rio St, Vallejo 94525, US","2164 Bancroft Ave, San Leandro CA 94577, US",,0,0,0
4402  - 4402,Thu 3/10/22,51964000,55956000,1620000,4020000,1260000,1800,1812,11.9,,"2164 Bancroft Ave, San Leandro CA 94577, US","2454 San Jose Ave, Alameda CA 94501, US",,0,0,0
4402  - 4402,Thu 3/10/22,60200000,61019000,4260000,840000,540000,1812,1813,0.8,,"2454 San Jose Ave, Alameda CA 94501, US","2286 Central Ave, Alameda CA 94501, US",,0,0,0
4402  - 4402,Thu 3/10/22,63798000,71706000,2760000,7920000,2520000,1813,1856,42.6,,"2292 Central Ave, Alameda CA 94501, US","DHarris Tours, 2207 Vista Del Rio St, Vallejo 94525, US",,0,0,0
4402  - 4402,Fri 3/11/22,25431000,30809000,40140000,5400000,2160000,1856,1888,32.5,,"DHarris Tours, 2207 Vista Del Rio St, Vallejo 94525, US","14403 Lark St, San Leandro CA 94578, US",,0,0,0
4402  - 4402,Fri 3/11/22,32502000,34800000,1680000,2280000,720000,1888,1902,13.8,,"14403 Lark St, San Leandro CA 94578, US","1278 McKay Ave, Alameda CA 94501, US",,0,0,0
4402  - 4402,Fri 3/11/22,47620000,55314000,12840000,7680000,3480000,1902,1930,28.1,,"1275 McKay Ave, Alameda CA 94501, US","714 Central Ave, Alameda CA 94501, US",,0,0,0
4402  - 4402,Fri 3/11/22,60324000,62118000,5040000,1800000,1200000,1930,1932,1.7,,"714 Central Ave, Alameda CA 94501, US","213 Central Ave, Alameda CA 94501, US",,0,0,0
4402  - 4402,Fri 3/11/22,67640000,73671000,5520000,6060000,1980000,1932,1978,45.7,,"216 Central Ave, Alameda CA 94501, US","DHarris Tours, 2207 Vista Del Rio St, Vallejo 94525, US",,0,0,0
4402  - 4402,Sat 3/12/22,60464000,61635000,73200000,1200000,480000,1978,1985,7.4,,"DHarris Tours, 2207 Vista Del Rio St, Vallejo 94525, US","81 Spring St, Pinole CA 94564, US",,0,0,0
4402  - 4402,Mon 3/14/22,34646000,36209000,142200000,1560000,660000,1985,1994,8.6,,"Spring St, Pinole CA 94564, US","DHarris Tours, 2207 Vista Del Rio St, Vallejo 94525, US",,0,0,0
4402  - 4402,Tue 3/15/22,48145000,54651000,98340000,6480000,1980000,1994,2038,44,,"DHarris Tours, 2207 Vista Del Rio St, Vallejo 94525, US","27891 Calaroga Ave, Hayward CA 94545, US",,0,0,0
4402  - 4402,Tue 3/15/22,64210000,69907000,9540000,5700000,1680000,2038,2081,43.3,,"27893 Calaroga Ave, Hayward CA 94545, US","DHarris Tours, 2207 Vista Del Rio St, Vallejo 94525, US",,0,0,0
4402  - 4402,Wed 3/16/22,29319000,34917000,45840000,5580000,2400000,2081,2116,34.8,,"DHarris Tours, 2207 Vista Del Rio St, Vallejo 94525, US","14817 Juniper St, San Leandro CA 94579, US",,0,0,0
4402  - 4402,Wed 3/16/22,36113000,44647000,1200000,8520000,2220000,2116,2196,80,,"14817 Juniper St, San Leandro CA 94579, US","DHarris Tours, 2207 Vista Del Rio St, Vallejo 94525, US",,0,0,0
4402  - 4402,Wed 3/16/22,50288000,55483000,5640000,5220000,1440000,2196,2225,29.7,,"DHarris Tours, 2207 Vista Del Rio St, Vallejo 94525, US","1577 Mann Dr, Pinole CA 94564, US",,0,0,0
4402  - 4402,Wed 3/16/22,61672000,65735000,6180000,4080000,2160000,2225,2238,13.1,,"1577 Mann Dr, Pinole CA 94564, US","DHarris Tours, 2207 Vista Del Rio St, Vallejo 94525, US",,0,0,0
4402  - 4402,Thu 3/17/22,26687000,30058000,47340000,3360000,1980000,2238,2250,11.2,,"DHarris Tours, 2207 Vista Del Rio St, Vallejo 94525, US","1270 23rd St, Richmond CA 94804, US",,0,0,0
4402  - 4402,Thu 3/17/22,32315000,34003000,2280000,1680000,600000,2250,2254,4.8,,"1270 23rd St, Richmond CA 94804, US","651 S 15th St, Richmond CA 94804, US",,0,0,0
4402  - 4402,Thu 3/17/22,45286000,47804000,11280000,2520000,420000,2254,2277,22.7,,"649 S 15th St, Richmond CA 94804, US","2168 Bancroft Ave, San Leandro CA 94577, US",,0,0,0
4402  - 4402,Thu 3/17/22,50092000,54385000,2280000,4320000,1800000,2277,2291,14.3,,"2166 Bancroft Ave, San Leandro CA 94577, US","3916 Mabel Ave, Castro Valley CA 94546, US",,0,0,0
4402  - 4402,Thu 3/17/22,70353000,74178000,15960000,3840000,780000,2291,2330,39,,"3914 Mabel Ave, Castro Valley CA 94546, US","DHarris Tours, 2207 Vista Del Rio St, Vallejo 94525, US",,0,0,0
4402  - 4402,Fri 3/18/22,43852000,48975000,56100000,5100000,1380000,2330,2367,36.3,,"DHarris Tours, 2207 Vista Del Rio St, Vallejo 94525, US","1136 Aladdin Ave, San Leandro CA 94577, US",,0,0,0
4402  - 4402,Fri 3/18/22,49883000,52920000,900000,3060000,1020000,2367,2379,12.8,,"1132 Aladdin Ave, San Leandro CA 94577, US","Hesperian Blvd, Hayward CA 94545, US",,0,0,0
4402  - 4402,Fri 3/18/22,69057000,74541000,16140000,5460000,1920000,2379,2420,41,,"Hesperian Blvd, Hayward CA 94545, US","DHarris Tours, 2207 Vista Del Rio St, Vallejo 94525, US",,0,0,0
4402  - 4402,Sat 3/19/22,20359000,22866000,32220000,2520000,480000,2420,2452,31.6,,"DHarris Tours, 2207 Vista Del Rio St, Vallejo 94525, US","958 Marina Blvd, San Leandro CA 94577, US",,0,0,0
4402  - 4402,Sat 3/19/22,23552000,24713000,660000,1140000,780000,2452,2454,1.9,,"956 Marina Blvd, San Leandro CA 94577, US","1288 Bancroft Ave, San Leandro CA 94577, US",,0,0,0
4402  - 4402,Sat 3/19/22,25317000,31082000,600000,5760000,1140000,2454,2523,69.2,,"1290 Bancroft Ave, San Leandro CA 94577, US","6793 Soquel Dr, Aptos CA 95003, US",,0,0,0
4402  - 4402,Sat 3/19/22,32243000,33653000,1140000,1440000,1200000,2523,2524,0.7,,"6793 Soquel Dr, Aptos CA 95003, US","Cabrillo College Dr, Aptos CA 95003, US",,0,0,0
4402  - 4402,Sat 3/19/22,50499000,52400000,16860000,1920000,1320000,2524,2527,3.1,,"Cabrillo College Dr, Aptos CA 95003, US","Cabrillo College Dr, Aptos CA 95003, US",,0,0,0
4402  - 4402,Sat 3/19/22,57459000,66683000,5040000,9240000,1020000,2527,2627,99.8,,"Cabrillo College Dr, Aptos CA 95003, US","DHarris Tours, 2207 Vista Del Rio St, Vallejo 94525, US",,0,0,0
4402  - 4402,Tue 3/22/22,26989000,31065000,219480000,4080000,600000,2627,2656,29.6,,"DHarris Tours, 2207 Vista Del Rio St, Vallejo 94525, US","9845 Bancroft Ave, Oakland CA 94603, US",,0,0,0
4402  - 4402,Tue 3/22/22,32467000,33749000,1380000,1260000,120000,2656,2667,11,,"9845 Bancroft Ave, Oakland CA 94603, US","691 29th St, Oakland CA 94609, US",,0,0,0
4402  - 4402,Tue 3/22/22,47317000,49672000,13560000,2340000,960000,2667,2681,13.4,,"693 29th St, Oakland CA 94609, US","2168 Bancroft Ave, San Leandro CA 94577, US",,0,0,0
4402  - 4402,Tue 3/22/22,52075000,54433000,2400000,2340000,1500000,2681,2685,4.1,,"2168 Bancroft Ave, San Leandro CA 94577, US","Grant Ave, San Lorenzo CA 94580, US",,0,0,0
4402  - 4402,Tue 3/22/22,56618000,56748000,2160000,120000,60000,2685,2685,0.4,,"1395 Grant Ave, San Lorenzo CA 94580, US","1155 Grant Ave, San Lorenzo CA 94580, US",,0,0,0
4402  - 4402,Tue 3/22/22,69697000,73450000,12960000,3780000,900000,2685,2721,35.7,,"1153 Grant Ave, San Lorenzo CA 94580, US","DHarris Tours, 2207 Vista Del Rio St, Vallejo 94525, US",,0,0,0
4402  - 4402,Wed 3/23/22,43463000,45642000,56400000,2160000,1140000,2721,2732,11.6,,"DHarris Tours, 2207 Vista Del Rio St, Vallejo 94525, US","MacDonald Ave, Richmond CA 94805, US",,0,0,0
4402  - 4402,Wed 3/23/22,46483000,49547000,840000,3060000,900000,2732,2755,22.5,,"MacDonald Ave, Richmond CA 94805, US","2168 Bancroft Ave, San Leandro CA 94577, US",,0,0,0
4402  - 4402,Wed 3/23/22,51542000,53859000,1980000,2340000,600000,2755,2771,15.6,,"2166 Bancroft Ave, San Leandro CA 94577, US","2234 Milvia St, Berkeley CA 94704, US",,0,0,0
4402  - 4402,Wed 3/23/22,60879000,61340000,7020000,480000,120000,2771,2772,1.1,,"2237 Milvia St, Berkeley CA 94704, US","Bancroft Way, Berkeley CA 94704, US",,0,0,0
4402  - 4402,Wed 3/23/22,63097000,63415000,1740000,300000,120000,2772,2772,0.8,,"Bancroft Way, Berkeley CA 94704, US","2258 Milvia St, Berkeley CA 94704, US",,0,0,0
4402  - 4402,Wed 3/23/22,65534000,70901000,2100000,5340000,840000,2772,2820,47.6,,"2264 Milvia St, Berkeley CA 94704, US","DHarris Tours, 2207 Vista Del Rio St, Vallejo 94525, US",,0,0,0
4402  - 4402,Thu 3/24/22,27268000,31875000,42780000,4620000,3060000,2820,2832,12,,"DHarris Tours, 2207 Vista Del Rio St, Vallejo 94525, US","1217 18th St, San Pablo CA 94806, US",,0,0,0
4402  - 4402,Thu 3/24/22,32795000,33619000,900000,840000,180000,2832,2835,2.6,,"1215 18th St, San Pablo CA 94806, US","Wildcat Canyon Pkwy, Richmond CA 94805, US",,0,0,0
4402  - 4402,Thu 3/24/22,47889000,53715000,14280000,5820000,1440000,2835,2870,35.2,,"Wildcat Canyon Pkwy, Richmond CA 94805, US","1257 Oak St, Alameda CA 94501, US",,0,0,0
4402  - 4402,Thu 3/24/22,56505000,58260000,2820000,1740000,1620000,2870,2870,0.5,,"1259 Oak St, Alameda CA 94501, US","2274 Central Ave, Alameda CA 94501, US",,0,0,0
4402  - 4402,Thu 3/24/22,69089000,74142000,10800000,5040000,1680000,2870,2912,41.5,,"2276 Central Ave, Alameda CA 94501, US","DHarris Tours, 2207 Vista Del Rio St, Vallejo 94525, US",,0,0,0
4402  - 4402,Fri 3/25/22,25701000,29948000,37980000,4260000,1500000,2912,2946,33.6,,"DHarris Tours, 2207 Vista Del Rio St, Vallejo 94525, US","14407 Lark St, San Leandro CA 94578, US",,0,0,0
4402  - 4402,Fri 3/25/22,32588000,36411000,2640000,3840000,1800000,2946,2957,11.7,,"14407 Lark St, San Leandro CA 94578, US","1253 McKay Ave, Alameda CA 94501, US",,0,0,0
4402  - 4402,Fri 3/25/22,46711000,57054000,10320000,10320000,4080000,2957,3015,58.1,,"1261 McKay Ave, Alameda CA 94501, US","Moran Ave, San Pablo CA 94806, US",,0,0,0
4402  - 4402,Fri 3/25/22,64239000,68547000,7200000,4320000,2640000,3015,3028,12.9,,"Moran Ave, San Pablo CA 94806, US","DHarris Tours, 2207 Vista Del Rio St, Vallejo 94525, US",,0,0,0
4402  - 4402,Tue 3/29/22,25787000,30597000,302820000,4800000,1440000,3028,3057,28.8,,"DHarris Tours, 2207 Vista Del Rio St, Vallejo 94525, US","6705 International Blvd, Oakland CA 94621, US",,0,0,0
4402  - 4402,Tue 3/29/22,33400000,35444000,2820000,2040000,420000,3057,3069,11.6,,"6705 International Blvd, Oakland CA 94621, US","3946 Horton St, Emeryville CA 94608, US",,0,0,0
4402  - 4402,Tue 3/29/22,42030000,42698000,6600000,660000,240000,3069,3070,1.6,,"3948 Horton St, Emeryville CA 94608, US","2846 West St, Emeryville CA 94608, US",,0,0,0
4402  - 4402,Tue 3/29/22,46031000,46126000,3360000,120000,60000,3070,3070,0.1,,"2848 West St, Emeryville CA 94608, US","708 29th St, Oakland CA 94609, US",,0,0,0
4402  - 4402,Tue 3/29/22,47998000,51527000,1860000,3540000,1740000,3070,3085,14.7,,"706 29th St, Oakland CA 94609, US","2168 Bancroft Ave, San Leandro CA 94577, US",,0,0,0
4402  - 4402,Tue 3/29/22,52279000,54504000,780000,2220000,540000,3085,3100,14.5,,"2168 Bancroft Ave, San Leandro CA 94577, US","714 Central Ave, Alameda CA 94501, US",,0,0,0
4402  - 4402,Tue 3/29/22,55154000,55302000,660000,120000,120000,3100,3100,0.1,,"721 Central Ave, Alameda CA 94501, US","744 Central Ave, Alameda CA 94501, US",,0,0,0
4402  - 4402,Tue 3/29/22,57130000,57826000,1800000,720000,180000,3100,3102,1.9,,"746 Central Ave, Alameda CA 94501, US","222 Central Ave, Alameda CA 94501, US",,0,0,0
4402  - 4402,Tue 3/29/22,63827000,68976000,6000000,5160000,1500000,3102,3147,45.8,,"222 Central Ave, Alameda CA 94501, US","DHarris Tours, 2207 Vista Del Rio St, Vallejo 94525, US",,0,0,0
4402  - 4402,Wed 3/30/22,44981000,47315000,62400000,2340000,1800000,3147,3153,5.3,,"DHarris Tours, 2207 Vista Del Rio St, Vallejo 94525, US","2888 Pinole Valley Rd, Pinole CA 94564, US",,0,0,0
4402  - 4402,Wed 3/30/22,49337000,54272000,2040000,4920000,1560000,3153,3193,40.3,,"2888 Pinole Valley Rd, Pinole CA 94564, US","2053 Main St, Oakley CA 94561, US",,0,0,0
4402  - 4402,Wed 3/30/22,56326000,57798000,2040000,1500000,720000,3193,3197,4.2,,"2051 Main St, Oakley CA 94561, US","Neroly Rd, Oakley CA 94561, US",,0,0,0
4402  - 4402,Wed 3/30/22,67290000,71641000,9480000,4380000,1260000,3197,3238,41.2,,"Neroly Rd, Oakley CA 94561, US","DHarris Tours, 2207 Vista Del Rio St, Vallejo 94525, US",,0,0,0
4402  - 4402,Thu 3/31/22,30535000,35588000,45300000,5040000,2220000,3238,3271,32.6,,"DHarris Tours, 2207 Vista Del Rio St, Vallejo 94525, US","13826 E 14th St, San Leandro CA 94578, US",,0,0,0
4402  - 4402,Thu 3/31/22,36703000,36832000,1140000,120000,60000,3271,3271,0.3,,"13820 E 14th St, San Leandro CA 94578, US","2180 Bancroft Ave, San Leandro CA 94577, US",,0,0,0
4402  - 4402,Thu 3/31/22,40401000,48440000,3540000,8040000,1860000,3271,3359,88.1,,"2180 Bancroft Ave, San Leandro CA 94577, US","2166 Bancroft Ave, San Leandro CA 94577, US",,0,0,0
4402  - 4402,Thu 3/31/22,51836000,54266000,3420000,2460000,840000,3359,3375,15.4,,"2168 Bancroft Ave, San Leandro CA 94577, US","2621 Milvia St, Berkeley CA 94704, US",,0,0,0
4402  - 4402,Thu 3/31/22,63977000,69364000,9720000,5400000,1080000,3375,3422,47.5,,"2621 Milvia St, Berkeley CA 94704, US","DHarris Tours, 2207 Vista Del Rio St, Vallejo 94525, US",,0,0,0
